date,ticker,open,high,low,close,volume,amount
2024-01-02,600019,5.93,6.05,5.92,6.01,83846158,503839225.88
2024-01-03,600019,6.0,6.14,5.99,6.14,104082386,634197801.38
2024-01-04,600019,6.14,6.18,6.1,6.15,57185285,350595868.63
2024-01-05,600019,6.16,6.27,6.13,6.18,78923380,490291871.43
2024-01-08,600019,6.18,6.21,6.14,6.15,61597552,379942201.81
2024-01-09,600019,6.15,6.18,6.07,6.14,54444062,333473377.64
2024-01-10,600019,6.12,6.15,6.04,6.04,67091468,408256264.97
2024-01-11,600019,6.06,6.06,5.94,5.96,91556951,547094151.57
2024-01-12,600019,5.94,5.98,5.92,5.92,61601976,366490209.26
2024-01-15,600019,5.94,5.97,5.87,5.89,74928777,442758209.58
2024-01-16,600019,5.89,5.92,5.85,5.9,69554526,409339008.08
2024-01-17,600019,5.9,5.94,5.8,5.8,76908396,451549755.43
2024-01-18,600019,5.8,5.8,5.56,5.74,144008692,816435980.05
2024-01-19,600019,5.72,5.78,5.65,5.77,84995462,488429075.08
2024-01-22,600019,5.76,5.8,5.61,5.65,79507852,455215265.74
2024-01-23,600019,5.65,5.74,5.55,5.67,97454178,548757950.78
2024-01-24,600019,5.7,5.9,5.69,5.89,86389864,500319688.75
2024-01-25,600019,5.9,6.08,5.89,6.08,120436639,724014150.03
2024-01-26,600019,6.07,6.21,6.05,6.21,109667106,674918486.07
2024-01-29,600019,6.23,6.28,6.19,6.2,83971791,523458599.61
2024-01-30,600019,6.19,6.26,6.13,6.16,75549950,468953060.79
2024-01-31,600019,6.15,6.23,6.08,6.15,117025790,721157064.14
2024-02-01,600019,6.12,6.23,6.09,6.12,87744455,540681582.03
2024-02-02,600019,6.14,6.25,6.05,6.17,104485317,645644763.42
2024-02-05,600019,6.19,6.26,6.1,6.22,120368378,745336676.31
2024-02-06,600019,6.21,6.34,6.18,6.32,111221626,697575516.88
2024-02-07,600019,6.34,6.35,6.17,6.29,125984850,788660669.29
2024-02-08,600019,6.25,6.31,6.18,6.31,122688915,765412780.43
2024-02-19,600019,6.31,6.45,6.3,6.44,85018968,544009280.67
2024-02-20,600019,6.44,6.59,6.4,6.56,75589724,493435019.51
2024-02-21,600019,6.57,6.62,6.5,6.55,73297621,480741248.02
2024-02-22,600019,6.55,6.67,6.52,6.66,56804245,375793119.35
2024-02-23,600019,6.66,6.77,6.64,6.66,59883903,401095965.59
2024-02-26,600019,6.67,6.77,6.56,6.58,72212438,478815477.5
2024-02-27,600019,6.57,6.72,6.55,6.65,62545018,415264695.41
2024-02-28,600019,6.65,6.69,6.59,6.6,56785777,376738592.84
2024-02-29,600019,6.58,6.69,6.58,6.67,67402168,446613327.34
2024-03-01,600019,6.66,6.76,6.65,6.68,44815228,300798365.53
2024-03-04,600019,6.67,6.74,6.62,6.64,61677158,410110958.47
2024-03-05,600019,6.64,6.75,6.6,6.73,63702617,424804449.57
2024-03-06,600019,6.73,6.78,6.69,6.7,43110129,290267309.07
2024-03-07,600019,6.68,6.91,6.68,6.84,87864228,600996297.6
2024-03-08,600019,6.87,6.94,6.81,6.86,62402155,428601747.68
2024-03-11,600019,6.85,6.92,6.72,6.8,64901319,441177804.28
2024-03-12,600019,6.78,6.79,6.58,6.61,115395595,764385021.46
2024-03-13,600019,6.61,6.68,6.57,6.6,68034787,450709990.31
2024-03-14,600019,6.62,6.72,6.58,6.61,63580097,421785126.02
2024-03-15,600019,6.57,6.63,6.49,6.57,99462912,652808314.23
2024-03-18,600019,6.6,6.64,6.51,6.63,67842713,447537906.39
2024-03-19,600019,6.62,6.68,6.57,6.59,60269200,398941549.22
2024-03-20,600019,6.57,6.64,6.55,6.58,51376065,338280457.71
2024-03-21,600019,6.57,6.61,6.54,6.54,34941170,229689181.22
2024-03-22,600019,6.54,6.56,6.44,6.48,49553069,321645065.16
2024-03-25,600019,6.44,6.57,6.44,6.49,48772545,317957036.31
2024-03-26,600019,6.5,6.52,6.43,6.49,41645811,269622956.65
2024-03-27,600019,6.49,6.56,6.47,6.51,51991069,338878782.15
2024-03-28,600019,6.5,6.54,6.45,6.47,61272632,397706981.65
2024-03-29,600019,6.47,6.67,6.46,6.64,60620588,400459590.9
2024-04-01,600019,6.66,6.69,6.58,6.63,51512605,340716862.94
2024-04-02,600019,6.63,6.77,6.61,6.69,55414479,370441374.18
2024-04-03,600019,6.71,6.75,6.63,6.67,83876844,559865914.7
2024-04-08,600019,6.68,6.8,6.66,6.71,80510747,542730245.18
2024-04-09,600019,6.71,6.74,6.55,6.64,66256513,438547663.15
2024-04-10,600019,6.62,6.69,6.59,6.64,55037151,365452068.01
2024-04-11,600019,6.61,6.77,6.56,6.69,62924052,420529987.9
2024-04-12,600019,6.71,6.78,6.68,6.74,71355198,481168218.09
2024-04-15,600019,6.75,6.93,6.72,6.9,104550024,716293968.6
2024-04-16,600019,6.9,7.08,6.88,7.0,157610882,1102355720.87
2024-04-17,600019,6.97,7.23,6.92,7.21,127820869,905659303.03
2024-04-18,600019,7.2,7.38,7.18,7.29,106301706,776721803.54
2024-04-19,600019,7.25,7.43,7.22,7.36,93120665,686434877.01
2024-04-22,600019,7.39,7.48,7.21,7.28,86565666,632929650.6
2024-04-23,600019,7.28,7.28,7.01,7.03,87121575,619074064.62
2024-04-24,600019,7.04,7.09,6.99,7.07,48564892,342173501.43
2024-04-25,600019,7.08,7.17,7.04,7.11,53612273,381221042.92
2024-04-26,600019,7.11,7.2,6.98,7.09,82994614,585156211.68
2024-04-29,600019,7.05,7.09,6.86,7.03,113103875,789287987.91
2024-04-30,600019,7.01,7.12,6.95,6.95,79044050,554982782.05
2024-05-06,600019,7.01,7.09,6.94,6.97,89014314,622512483.95
2024-05-07,600019,6.98,6.98,6.82,6.86,88738632,609756408.61
2024-05-08,600019,6.84,6.88,6.78,6.84,61148967,417864185.21
2024-05-09,600019,6.84,6.96,6.84,6.95,67009996,462650928.18
2024-05-10,600019,6.95,7.05,6.93,7.03,68275355,477743806.58
2024-05-13,600019,7.03,7.12,6.94,7.1,76513875,538816652.78
2024-05-14,600019,7.08,7.1,6.95,6.95,70038149,489827118.75
2024-05-15,600019,6.94,6.98,6.87,6.92,53911161,373192884.1
2024-05-16,600019,6.92,7.03,6.9,7.0,78632119,547880903.95
2024-05-17,600019,7.0,7.03,6.89,7.02,64452662,447974791.0
2024-05-20,600019,7.01,7.08,6.93,7.01,99993556,699521482.95
2024-05-21,600019,7.0,7.08,6.95,7.0,87704899,614813129.27
2024-05-22,600019,7.0,7.18,6.99,7.09,103890117,738665118.64
2024-05-23,600019,7.06,7.07,6.95,6.96,77336843,541624484.94
2024-05-24,600019,6.93,7.0,6.9,6.91,47597255,330565949.09
2024-05-27,600019,6.93,7.02,6.91,6.99,56715687,395019093.66
2024-05-28,600019,7.0,7.08,6.95,6.99,61414882,430573504.46
2024-05-29,600019,6.96,7.04,6.91,6.99,48018615,336021828.84
2024-05-30,600019,7.09,7.18,6.96,6.98,117118247,827997622.06
2024-05-31,600019,6.97,7.03,6.9,6.9,73920526,514146272.42
2024-06-03,600019,6.9,6.98,6.85,6.95,80914704,560465036.49
2024-06-04,600019,6.93,7.09,6.89,7.07,89602524,629362371.02
2024-06-05,600019,7.1,7.13,7.03,7.05,53328881,377391609.79
2024-06-06,600019,7.05,7.13,7.0,7.04,72468231,511834290.15
2024-06-07,600019,7.07,7.08,6.94,6.99,77047924,538922751.15
2024-06-11,600019,6.99,6.99,6.84,6.84,83873255,578113627.07
2024-06-12,600019,6.84,6.92,6.78,6.89,72894589,499668497.07
2024-06-13,600019,6.75,6.77,6.64,6.65,63245449,422955093.85
2024-06-14,600019,6.65,6.81,6.63,6.8,83678411,563206756.51
2024-06-17,600019,6.75,6.78,6.47,6.49,139640128,914931358.4
2024-06-18,600019,6.48,6.6,6.47,6.56,63525069,416195548.49
2024-06-19,600019,6.56,6.7,6.55,6.64,50460493,335003427.76
2024-06-20,600019,6.66,6.69,6.62,6.66,32443194,215843470.07
2024-06-21,600019,6.67,6.68,6.57,6.58,40888194,270246571.24
2024-06-24,600019,6.57,6.6,6.52,6.57,48390778,317652361.34
2024-06-25,600019,6.57,6.64,6.53,6.59,40385102,266564114.49
2024-06-26,600019,6.59,6.65,6.53,6.6,40650438,267834271.98
2024-06-27,600019,6.57,6.63,6.55,6.56,41918149,276041185.95
2024-06-28,600019,6.56,6.7,6.55,6.65,53880025,357257167.16
2024-07-01,600019,6.62,6.78,6.61,6.76,51878802,349213825.6
2024-07-02,600019,6.77,7.05,6.76,6.99,84008937,581770111.28
2024-07-03,600019,6.99,7.05,6.94,6.98,48426453,338622926.14
2024-07-04,600019,7.0,7.04,6.98,6.99,47863320,335372500.89
2024-07-05,600019,7.0,7.07,6.9,7.0,59348582,414832055.35
2024-07-08,600019,7.03,7.1,6.99,7.06,65344404,460794419.61
2024-07-09,600019,7.09,7.1,6.99,7.05,54238462,382800028.27
2024-07-10,600019,7.04,7.06,6.89,6.92,53422736,372144173.48
2024-07-11,600019,6.92,6.98,6.88,6.95,46570756,322338913.27
2024-07-12,600019,6.94,6.99,6.9,6.94,39631976,275402939.8
2024-07-15,600019,6.93,7.03,6.92,7.0,43558327,304626816.15
2024-07-16,600019,6.97,7.03,6.95,7.01,36059971,252243869.05
2024-07-17,600019,7.0,7.05,6.98,7.03,45015811,315907083.6
2024-07-18,600019,7.0,7.11,6.94,7.09,61743002,435342794.04
2024-07-19,600019,7.09,7.12,7.01,7.07,64674131,457413623.76
2024-07-22,600019,7.09,7.13,7.03,7.11,53795796,380796129.21
2024-07-23,600019,7.08,7.1,6.92,6.93,55597708,389133212.26
2024-07-24,600019,6.91,6.99,6.89,6.96,51525617,357990599.19
2024-07-25,600019,6.97,7.0,6.84,6.91,54922277,379320888.58
2024-07-26,600019,6.91,6.97,6.8,6.84,58839272,403854237.94
2024-07-29,600019,6.85,6.99,6.83,6.96,49848533,346291050.94
2024-07-30,600019,6.98,6.99,6.88,6.93,43367588,300657706.93
2024-07-31,600019,6.95,6.98,6.79,6.8,119344344,815760433.68
2024-08-01,600019,6.8,6.87,6.77,6.82,87445473,597075036.96
2024-08-02,600019,6.79,6.81,6.71,6.72,56534013,381578562.18
2024-08-05,600019,6.71,6.71,6.51,6.52,95195306,626510004.95
2024-08-06,600019,6.52,6.64,6.38,6.45,89195154,575631304.7
2024-08-07,600019,6.45,6.46,6.4,6.42,62191931,399664236.86
2024-08-08,600019,6.42,6.42,6.32,6.38,61319241,389982207.99
2024-08-09,600019,6.38,6.42,6.35,6.35,49714823,317318547.86
2024-08-12,600019,6.35,6.36,6.24,6.27,55947929,351178708.96
2024-08-13,600019,6.29,6.3,6.22,6.3,53738165,336296471.06
2024-08-14,600019,6.29,6.29,6.12,6.13,69019935,426123005.18
2024-08-15,600019,6.1,6.16,6.03,6.14,62587608,382778839.83
2024-08-16,600019,6.14,6.17,6.07,6.1,58171682,355645499.88
2024-08-19,600019,6.09,6.16,6.08,6.1,57980422,354737011.29
2024-08-20,600019,6.12,6.13,6.0,6.01,65373020,395697359.05
2024-08-21,600019,6.01,6.07,5.97,6.04,71117813,428046068.73
2024-08-22,600019,6.04,6.06,5.93,5.97,63085676,377856986.08
2024-08-23,600019,5.96,6.0,5.94,5.98,37673391,225056006.97
2024-08-26,600019,5.98,6.01,5.93,6.01,61797633,369028745.2
2024-08-27,600019,6.0,6.08,5.97,6.05,61682484,371467353.28
2024-08-28,600019,6.13,6.13,5.94,5.99,82818415,497325186.23
2024-08-29,600019,5.97,5.98,5.83,5.85,88989956,523079035.76
2024-08-30,600019,5.86,6.02,5.84,5.96,89859655,534914381.93
2024-09-02,600019,5.95,5.98,5.87,5.93,55579203,329880373.78
2024-09-03,600019,5.94,5.95,5.82,5.87,60480449,355171995.47
2024-09-04,600019,5.88,5.88,5.76,5.85,45311875,264105843.66
2024-09-05,600019,5.85,5.87,5.76,5.83,56046142,324812522.02
2024-09-06,600019,5.82,5.91,5.8,5.81,44441339,260228750.32
2024-09-09,600019,5.8,5.81,5.59,5.67,82137666,464664484.0
2024-09-10,600019,5.66,5.69,5.59,5.67,57300705,323409661.98
2024-09-11,600019,5.65,5.66,5.53,5.58,60804989,338523680.91
2024-09-12,600019,5.57,5.61,5.54,5.6,41499769,231360814.39
2024-09-13,600019,5.59,5.65,5.58,5.58,31700168,177793213.28
2024-09-18,600019,5.57,5.6,5.5,5.58,39757857,220798598.82
2024-09-19,600019,5.6,5.66,5.54,5.6,77141199,431967182.73
2024-09-20,600019,5.6,5.66,5.58,5.61,67988198,381674140.44
2024-09-23,600019,5.61,5.76,5.6,5.72,60803482,345960144.45
2024-09-24,600019,5.75,6.01,5.75,6.0,125926399,744466175.67
2024-09-25,600019,6.05,6.33,6.05,6.17,253123253,1580596336.31
2024-09-26,600019,6.19,6.41,6.16,6.38,175111351,1108124173.63
2024-09-27,600019,6.44,6.59,6.29,6.41,113574254,727288504.36
2024-09-30,600019,6.66,6.96,6.65,6.94,251096196,1709466773.72
2024-10-08,600019,7.63,7.63,6.83,7.03,300369627,2150569968.05
2024-10-09,600019,6.97,6.97,6.38,6.39,236811859,1562464946.83
2024-10-10,600019,6.39,6.96,6.38,6.76,240171018,1609587725.7
2024-10-11,600019,6.76,6.91,6.61,6.77,149641512,1014978896.48
2024-10-14,600019,6.82,7.09,6.81,6.93,159240558,1103236442.7
2024-10-15,600019,6.86,6.95,6.66,6.66,133005329,901646472.74
2024-10-16,600019,6.64,6.81,6.59,6.72,111923723,755060239.77
2024-10-17,600019,6.74,6.79,6.54,6.54,106553977,707273828.99
2024-10-18,600019,6.54,6.65,6.44,6.56,128171822,838036226.82
2024-10-21,600019,6.63,6.63,6.47,6.52,100174512,652758765.88
2024-10-22,600019,6.5,6.59,6.48,6.57,75911305,496916071.11
2024-10-23,600019,6.59,6.72,6.56,6.65,87304823,581222929.33
2024-10-24,600019,6.66,6.67,6.55,6.59,49902863,329455196.21
2024-10-25,600019,6.6,6.64,6.56,6.59,53761090,354417328.14
2024-10-28,600019,6.65,6.95,6.64,6.91,206009825,1417051323.47
2024-10-29,600019,6.94,6.94,6.75,6.77,109075322,743975944.85
2024-10-30,600019,6.66,6.72,6.51,6.56,123616262,818043930.23
2024-10-31,600019,6.53,6.62,6.44,6.52,97801363,638184751.56
2024-11-01,600019,6.5,6.78,6.48,6.68,142103583,946566454.91
2024-11-04,600019,6.68,6.71,6.53,6.69,85385859,565142312.14
2024-11-05,600019,6.66,6.78,6.65,6.78,89670380,604815586.12
2024-11-06,600019,6.8,6.8,6.71,6.79,96450908,651318729.86
2024-11-07,600019,6.73,6.95,6.7,6.95,139933580,961660622.34
2024-11-08,600019,6.98,7.02,6.77,6.83,116722466,800702726.88
2024-11-11,600019,6.81,6.81,6.63,6.71,94968311,635787518.55
2024-11-12,600019,6.7,6.76,6.61,6.61,81831382,546815190.18
2024-11-13,600019,6.6,6.7,6.6,6.63,66925157,444781102.31
2024-11-14,600019,6.64,6.67,6.55,6.55,66801369,441444624.67
2024-11-15,600019,6.54,6.64,6.52,6.58,67918264,448243919.51
2024-11-18,600019,6.65,6.93,6.65,6.8,192455019,1316979048.83
2024-11-19,600019,6.77,6.81,6.64,6.73,97868122,656485353.05
2024-11-20,600019,6.67,6.74,6.66,6.73,57240509,383910248.25
2024-11-21,600019,6.71,6.79,6.71,6.77,54681499,369013201.42
2024-11-22,600019,6.75,6.81,6.56,6.56,77096604,514012771.89
2024-11-25,600019,6.58,6.66,6.52,6.56,61202426,403280984.66
2024-11-26,600019,6.56,6.59,6.5,6.52,52612064,343890005.83
2024-11-27,600019,6.52,6.6,6.45,6.6,53945780,352065108.24
2024-11-28,600019,6.58,6.67,6.57,6.62,48384343,319946087.21
2024-11-29,600019,6.64,6.74,6.61,6.62,70180763,467862524.8
2024-12-02,600019,6.62,6.82,6.61,6.78,116655042,785775922.45
2024-12-03,600019,6.8,6.84,6.75,6.82,61502714,418054606.8
2024-12-04,600019,6.81,6.87,6.74,6.82,70890334,483132545.51
2024-12-05,600019,6.82,6.84,6.77,6.83,58091273,395434613.92
2024-12-06,600019,6.85,6.95,6.83,6.92,94926874,655566893.08
2024-12-09,600019,6.92,6.97,6.89,6.95,74949755,520195965.61
2024-12-10,600019,7.05,7.09,6.9,6.91,89521505,623728517.84
2024-12-11,600019,6.89,7.01,6.88,6.99,78164451,543786829.43
2024-12-12,600019,6.99,7.0,6.86,6.89,84188631,580725163.51
2024-12-13,600019,6.89,6.89,6.74,6.75,100510020,682772709.31
2024-12-16,600019,6.75,6.85,6.7,6.79,72421613,491407562.32
2024-12-17,600019,6.78,6.9,6.76,6.86,72731633,497261810.34
2024-12-18,600019,6.88,7.08,6.88,7.02,138007685,968718327.79
2024-12-19,600019,6.99,7.01,6.89,6.89,71208904,493883240.38
2024-12-20,600019,6.91,6.94,6.77,6.78,79057963,539110845.1
2024-12-23,600019,6.78,7.01,6.77,6.99,131246966,912271191.8
2024-12-24,600019,6.95,7.06,6.94,7.02,79103225,554304144.77
2024-12-25,600019,7.04,7.11,7.01,7.11,81977004,579898462.58
2024-12-26,600019,7.13,7.15,6.95,6.99,64182681,449811193.11
2024-12-27,600019,7.01,7.09,6.95,7.04,64852276,455245168.41
2024-12-30,600019,7.0,7.07,6.96,7.04,57577768,404170603.7
2024-12-31,600019,7.03,7.09,6.97,7.0,59773911,420626277.76
2025-01-02,600019,6.99,7.05,6.89,6.92,89251555,621326088.5
2025-01-03,600019,6.93,7.02,6.85,6.88,74877211,518359311.64
2025-01-06,600019,6.89,6.92,6.74,6.91,81032463,553312798.5
2025-01-07,600019,6.91,6.91,6.63,6.73,113662899,762978532.3
2025-01-08,600019,6.73,6.74,6.61,6.72,67394369,450221723.91
2025-01-09,600019,6.66,6.68,6.59,6.6,56480399,374287667.2
2025-01-10,600019,6.58,6.62,6.52,6.55,40902114,268234591.45
2025-01-13,600019,6.5,6.51,6.41,6.51,65889294,426640773.22
2025-01-14,600019,6.53,6.6,6.49,6.58,51227225,335942400.61
2025-01-15,600019,6.58,6.7,6.56,6.68,61910905,411646619.57
2025-01-16,600019,6.7,6.78,6.66,6.78,53426709,359520644.67
2025-01-17,600019,6.74,6.77,6.57,6.6,72650099,481501496.65
2025-01-20,600019,6.62,6.66,6.56,6.58,55528939,367472959.02
2025-01-21,600019,6.62,6.62,6.44,6.45,70530114,458029344.74
2025-01-22,600019,6.45,6.59,6.41,6.55,63451579,413927406.77
2025-01-23,600019,6.59,6.66,6.53,6.56,65916370,434093786.0
2025-01-24,600019,6.57,6.87,6.55,6.82,124461175,838967652.11
2025-01-27,600019,6.81,7.02,6.8,7.01,121403004,846803063.89
2025-02-05,600019,7.0,7.0,6.68,6.72,100088764,678535006.06
2025-02-06,600019,6.72,6.79,6.68,6.7,59352464,398507791.59
2025-02-07,600019,6.7,6.96,6.68,6.95,109027030,746697338.25
2025-02-10,600019,6.95,7.07,6.85,6.9,84090179,581188583.41
2025-02-11,600019,6.9,6.99,6.86,6.89,58163845,402213978.23
2025-02-12,600019,6.9,6.92,6.78,6.85,48973895,334463467.18
2025-02-13,600019,6.85,6.9,6.85,6.85,40534952,278640334.1
2025-02-14,600019,6.85,6.87,6.76,6.8,46051080,312997531.67
2025-02-17,600019,6.8,6.83,6.75,6.76,45741321,310041800.31
2025-02-18,600019,6.75,6.81,6.7,6.74,58562001,395404890.12
2025-02-19,600019,6.73,6.77,6.62,6.65,81241667,541053857.8
2025-02-20,600019,6.63,6.68,6.58,6.65,50733289,336440203.48
2025-02-21,600019,6.65,6.71,6.58,6.71,89660351,595947015.23
2025-02-24,600019,6.7,6.76,6.67,6.72,60977731,409370264.71
2025-02-25,600019,6.7,6.74,6.62,6.63,51041864,341170108.04
2025-02-26,600019,6.65,6.96,6.65,6.94,167335720,1148395342.9
2025-02-27,600019,6.99,7.08,6.86,7.08,181620801,1271314199.59
2025-02-28,600019,7.08,7.14,7.04,7.08,116898643,829149600.57
2025-03-03,600019,7.08,7.32,7.08,7.27,142688641,1032596815.56
2025-03-04,600019,7.25,7.33,7.19,7.26,69691628,506575647.73
2025-03-05,600019,7.27,7.36,7.16,7.35,87397307,635994437.86
2025-03-06,600019,7.35,7.38,7.22,7.37,103040559,751706678.18
2025-03-07,600019,7.36,7.55,7.35,7.5,129508573,969706567.35
2025-03-10,600019,7.52,7.52,7.31,7.38,77994476,575053508.85
2025-03-11,600019,7.36,7.51,7.29,7.51,67335847,499120881.45
2025-03-12,600019,7.51,7.6,7.42,7.48,72799811,546345321.86
2025-03-13,600019,7.52,7.55,7.39,7.55,58057782,433432778.06
2025-03-14,600019,7.56,7.6,7.4,7.45,81816884,610316350.65
2025-03-17,600019,7.46,7.56,7.44,7.49,62607536,469834495.1
2025-03-18,600019,7.5,7.5,7.3,7.4,59445559,440156974.99
2025-03-19,600019,7.4,7.44,7.28,7.3,39894062,292235816.28
2025-03-20,600019,7.31,7.46,7.23,7.38,65608897,482445981.21
2025-03-21,600019,7.38,7.54,7.38,7.51,93661177,703466052.32
2025-03-24,600019,7.51,7.58,7.45,7.53,56103274,422498615.45
2025-03-25,600019,7.55,7.65,7.46,7.53,49874321,375355794.33
2025-03-26,600019,7.5,7.53,7.37,7.44,55001293,408140277.78
2025-03-27,600019,7.43,7.48,7.4,7.42,32040387,238010456.14
2025-03-28,600019,7.43,7.44,7.32,7.33,40196769,295427193.27
2025-03-31,600019,7.3,7.33,7.16,7.2,68489071,494857242.72
2025-04-01,600019,7.25,7.37,7.19,7.32,50831339,371084733.75
2025-04-02,600019,7.21,7.32,7.2,7.23,36921279,268214541.61
2025-04-03,600019,7.2,7.31,7.18,7.26,34460170,250025129.36
2025-04-07,600019,7.1,7.11,6.53,6.69,158354652,1076440001.42
2025-04-08,600019,6.64,6.87,6.64,6.79,120937178,819693491.94
2025-04-09,600019,6.79,6.83,6.63,6.83,103008747,691945444.55
2025-04-10,600019,6.86,6.9,6.76,6.77,94567843,644574217.83
2025-04-11,600019,6.77,6.8,6.69,6.78,52400674,353296716.0
2025-04-14,600019,6.8,6.84,6.76,6.81,50297753,341873521.23
2025-04-15,600019,6.81,6.82,6.7,6.74,70178495,472920448.11
2025-04-16,600019,6.74,6.78,6.66,6.78,81171472,545317716.04
2025-04-17,600019,6.73,6.76,6.66,6.68,70588796,473154893.88
2025-04-18,600019,6.68,6.8,6.66,6.78,50123233,337083746.96
2025-04-21,600019,6.77,6.84,6.7,6.71,57639795,388809577.42
2025-04-22,600019,6.71,6.71,6.6,6.62,93479263,620372100.17
2025-04-23,600019,6.63,6.64,6.52,6.53,113884990,746006558.77
2025-04-24,600019,6.53,6.58,6.5,6.52,56579814,369638733.08
2025-04-25,600019,6.53,6.67,6.51,6.64,89927373,594407124.84
2025-04-28,600019,6.7,7.06,6.68,6.92,226895743,1576630011.67
2025-04-29,600019,6.92,7.02,6.89,6.93,61638762,427289037.74
2025-04-30,600019,6.94,6.94,6.8,6.84,64113729,438710841.97
2025-05-06,600019,6.85,6.95,6.77,6.89,70509802,484582794.28
2025-05-07,600019,6.97,6.98,6.86,6.95,50278835,347373246.57
2025-05-08,600019,6.91,6.97,6.87,6.88,48499977,335280297.06
2025-05-09,600019,6.89,6.94,6.86,6.93,46398753,320551384.79
2025-05-12,600019,6.93,6.95,6.87,6.91,53492353,369384456.79
2025-05-13,600019,6.93,7.09,6.93,6.98,83861978,588422123.53
2025-05-14,600019,6.99,7.03,6.95,7.01,38010893,265763883.48
2025-05-15,600019,7.0,7.03,6.96,6.97,31684823,221446913.67
2025-05-16,600019,6.96,6.98,6.88,6.96,41928403,291176600.9
2025-05-19,600019,6.95,6.98,6.9,6.97,31645782,219680428.58
2025-05-20,600019,6.97,7.02,6.92,6.94,32850568,228667552.39
2025-05-21,600019,6.94,7.01,6.89,6.95,60709626,421870739.24
2025-05-22,600019,6.94,6.96,6.83,6.86,70091856,481653493.01
2025-05-23,600019,6.87,7.0,6.86,6.86,59615426,412643542.73
2025-05-26,600019,6.85,6.88,6.8,6.8,40723815,278071772.5
2025-05-27,600019,6.8,6.81,6.71,6.72,43941934,296740450.24
2025-05-28,600019,6.73,6.74,6.67,6.67,39116692,261843658.33
2025-05-29,600019,6.67,6.71,6.65,6.69,49070936,328071332.75
2025-05-30,600019,6.68,6.79,6.68,6.74,54475236,366724623.42
2025-06-03,600019,6.72,6.72,6.57,6.58,133847544,884878279.6
2025-06-04,600019,6.61,6.69,6.59,6.68,80513730,535942600.94
2025-06-05,600019,6.7,6.72,6.62,6.64,46617757,309957911.36
2025-06-06,600019,6.65,6.71,6.64,6.65,52284699,348682020.1
2025-06-09,600019,6.67,6.69,6.64,6.67,43641140,290793871.15
2025-06-10,600019,6.67,6.72,6.64,6.68,53783923,359487530.49
2025-06-11,600019,6.61,6.73,6.58,6.7,66093425,441504169.71
2025-06-12,600019,6.7,6.74,6.66,6.74,48883303,328199209.71
2025-06-13,600019,6.73,6.74,6.67,6.73,66823230,447520320.91
2025-06-16,600019,6.71,6.72,6.62,6.64,51178156,340920923.72
2025-06-17,600019,6.64,6.68,6.6,6.64,40002955,265434498.51
2025-06-18,600019,6.64,6.66,6.58,6.61,37905462,250653379.12
2025-06-19,600019,6.61,6.63,6.47,6.49,84128236,548012817.2
2025-06-20,600019,6.49,6.61,6.49,6.58,62871608,412941771.28
2025-06-23,600019,6.56,6.56,6.46,6.47,75568939,490639049.5
2025-06-24,600019,6.48,6.55,6.48,6.54,56779456,370213327.28
2025-06-25,600019,6.54,6.6,6.52,6.59,45805550,300545384.85
2025-06-26,600019,6.58,6.61,6.55,6.55,43135121,283503292.19
2025-06-27,600019,6.56,6.64,6.55,6.57,59326208,390850207.39
2025-06-30,600019,6.58,6.63,6.56,6.59,56925645,375672446.91
2025-07-01,600019,6.59,6.62,6.56,6.6,47587488,313970428.19
2025-07-02,600019,6.6,6.91,6.59,6.9,179506587,1215637765.61
2025-07-03,600019,6.9,7.01,6.78,6.97,133885738,926804293.74
2025-07-04,600019,7.0,7.16,6.97,7.1,133111985,943434704.54
2025-07-07,600019,7.07,7.23,7.03,7.2,87113354,624724633.63
2025-07-08,600019,7.2,7.24,7.12,7.16,61516658,441007312.76
2025-07-09,600019,7.15,7.2,7.04,7.05,68437816,485052743.6
2025-07-10,600019,7.05,7.12,7.01,7.01,73540803,518925611.56
2025-07-11,600019,7.03,7.19,7.01,7.01,119125328,845108393.67
2025-07-14,600019,7.04,7.19,7.04,7.07,79043620,563037714.57
2025-07-15,600019,7.08,7.13,6.99,7.05,62057866,437797576.72
2025-07-16,600019,7.04,7.07,6.92,6.94,59766069,416671488.61
2025-07-17,600019,6.94,7.05,6.91,7.04,67394481,472375391.22
2025-07-18,600019,7.05,7.14,7.04,7.1,53801452,381750228.73
2025-07-21,600019,7.19,7.44,7.18,7.36,125236758,920021214.31
2025-07-22,600019,7.42,7.66,7.38,7.62,155508651,1169894317.16
2025-07-23,600019,7.64,7.67,7.46,7.51,134656694,1017157250.71
2025-07-24,600019,7.44,7.51,7.34,7.51,80817136,602374619.36
2025-07-25,600019,7.52,7.54,7.42,7.44,82179480,614086758.38
2025-07-28,600019,7.4,7.41,7.2,7.28,103477532,752395637.18
2025-07-29,600019,7.28,7.52,7.28,7.48,91850088,680569199.4
2025-07-30,600019,7.49,7.8,7.49,7.55,145945108,1115594565.02
2025-07-31,600019,7.5,7.54,7.23,7.34,120858227,884751046.23
2025-08-01,600019,7.32,7.4,7.28,7.29,66678853,488306936.67
2025-08-04,600019,7.26,7.33,7.24,7.3,64837087,471903022.33
2025-08-05,600019,7.31,7.39,7.28,7.32,62226801,456519261.18
2025-08-06,600019,7.34,7.38,7.3,7.34,51235301,376199923.4
2025-08-07,600019,7.35,7.36,7.27,7.34,75660360,554253660.72
2025-08-08,600019,7.33,7.53,7.31,7.47,70552738,525791730.34
2025-08-11,600019,7.5,7.52,7.3,7.31,93593126,689118552.24
2025-08-12,600019,7.32,7.35,7.18,7.2,83034249,602075183.64
2025-08-13,600019,7.22,7.31,7.19,7.19,84843535,614314491.91
2025-08-14,600019,7.21,7.24,7.18,7.19,67678606,487309490.0
2025-08-15,600019,7.18,7.21,7.13,7.13,71305033,511751631.74
2025-08-18,600019,7.15,7.19,7.08,7.08,87414525,623055022.51
2025-08-19,600019,7.09,7.19,7.09,7.11,71647495,510625668.55
2025-08-20,600019,7.08,7.17,7.05,7.16,67637819,482186257.95
2025-08-21,600019,7.18,7.21,7.15,7.19,58207551,417720422.92
2025-08-22,600019,7.18,7.19,7.06,7.15,83312470,591903398.97
2025-08-25,600019,7.17,7.32,7.15,7.26,117662238,851250122.71
2025-08-26,600019,7.23,7.25,7.14,7.21,74835271,537229506.43
2025-08-27,600019,7.2,7.23,7.03,7.03,122554453,872179667.79
2025-08-28,600019,7.0,7.02,6.9,7.02,133571838,929151499.39
2025-08-29,600019,7.0,7.22,6.92,6.93,257202611,1812443728.61
2025-09-01,600019,6.95,7.03,6.85,6.89,186797077,1290849981.28
2025-09-02,600019,6.9,7.15,6.86,7.09,194387461,1365171740.62
2025-09-03,600019,7.1,7.18,7.08,7.13,119956554,855732968.43
2025-09-04,600019,7.1,7.11,6.9,7.04,116863536,815437035.72
2025-09-05,600019,7.0,7.03,6.9,6.97,111276580,772813977.97
2025-09-08,600019,6.95,7.07,6.93,7.02,148597315,1040083087.61
2025-09-09,600019,7.0,7.21,6.98,7.07,115174491,819669847.31
2025-09-10,600019,7.04,7.06,6.92,6.94,92937544,646478545.38
2025-09-11,600019,6.94,7.07,6.93,7.06,95050610,666315661.37
2025-09-12,600019,7.07,7.2,6.97,7.03,185923380,1314434402.33
2025-09-15,600019,7.0,7.04,6.95,7.01,101241554,707044878.49
2025-09-16,600019,7.01,7.1,6.88,6.93,139710919,968604663.48
2025-09-17,600019,6.9,7.03,6.88,6.92,142538263,990718513.35
2025-09-18,600019,6.93,6.94,6.83,6.86,129868498,894619891.23
2025-09-19,600019,6.86,6.97,6.84,6.91,118395665,818173638.78
2025-09-22,600019,6.9,6.96,6.84,6.96,94852953,653831552.72
2025-09-23,600019,6.93,6.97,6.85,6.92,84851226,585484781.24
2025-09-24,600019,6.81,6.88,6.74,6.86,79570268,542811442.08
2025-09-25,600019,6.85,6.87,6.78,6.79,64773759,441092944.12
2025-09-26,600019,6.79,7.02,6.77,6.96,139920443,970159332.2
2025-09-29,600019,6.95,7.0,6.84,6.99,93068603,642906247.34
2025-09-30,600019,6.98,7.08,6.93,7.07,106094939,745348841.17
2025-10-09,600019,7.12,7.25,6.94,7.18,176770838,1258023902.2
2025-10-10,600019,7.12,7.34,7.1,7.26,170612872,1240571849.29
2025-10-13,600019,7.13,7.32,7.07,7.28,149693348,1080046762.16
2025-10-14,600019,7.33,7.36,7.19,7.22,96197425,698743378.81
2025-10-15,600019,7.23,7.32,7.18,7.25,97740100,708351140.84
2025-10-16,600019,7.23,7.25,7.12,7.15,76730140,549993295.59
2025-10-17,600019,7.18,7.27,7.12,7.15,92658715,665674792.01
2025-10-20,600019,7.14,7.17,7.08,7.16,63376757,452150452.27
2025-10-21,600019,7.17,7.21,7.12,7.16,61739741,442265271.29
2025-10-22,600019,7.15,7.19,7.12,7.17,42340710,303260291.87
2025-10-23,600019,7.16,7.24,7.12,7.22,60499397,434847229.08
2025-10-24,600019,7.22,7.23,7.1,7.14,73339488,523848100.67
2025-10-27,600019,7.15,7.34,7.13,7.27,120662401,876804760.74
2025-10-28,600019,7.26,7.26,7.1,7.11,95243689,682431762.39
2025-10-29,600019,7.12,7.13,7.03,7.08,74764765,528162036.88
2025-10-30,600019,7.13,7.31,7.11,7.24,136732232,988269339.3
2025-10-31,600019,7.3,7.55,7.28,7.37,205427407,1525613071.35
2025-11-03,600019,7.37,7.62,7.37,7.57,163125025,1230900520.62
2025-11-04,600019,7.57,7.67,7.47,7.51,99429101,751887161.76
2025-11-05,600019,7.48,7.51,7.42,7.48,65002412,485976978.7
2025-11-06,600019,7.48,7.75,7.47,7.74,143515163,1100003497.06
2025-11-07,600019,7.71,7.81,7.62,7.65,85592644,656956524.38
2025-11-10,600019,7.67,7.67,7.53,7.61,72346751,548468474.33
2025-11-11,600019,7.62,7.67,7.54,7.64,75938167,577840959.86
2025-11-12,600019,7.65,7.79,7.62,7.73,97846420,755879142.76
2025-11-13,600019,7.75,7.83,7.61,7.76,90961513,701547733.55
2025-11-14,600019,7.73,7.83,7.66,7.67,70889328,548303009.44
2025-11-17,600019,7.67,7.71,7.57,7.66,77552740,592553632.04
2025-11-18,600019,7.67,7.69,7.49,7.52,80715570,610216445.42
2025-11-19,600019,7.5,7.54,7.4,7.47,72265659,538967995.06
2025-11-20,600019,7.46,7.55,7.46,7.47,49535036,371246193.5
2025-11-21,600019,7.42,7.45,7.26,7.27,124840200,915176375.34
2025-11-24,600019,7.28,7.35,7.14,7.17,137124756,990022331.95
2025-11-25,600019,7.19,7.21,7.1,7.16,89193875,638311093.98
2025-11-26,600019,7.17,7.25,7.17,7.19,83583438,603444986.5
2025-11-27,600019,7.2,7.26,7.13,7.19,52703922,379586155.14
2025-11-28,600019,7.19,7.27,7.15,7.25,63281367,457642493.14
2025-12-01,600019,7.25,7.29,7.18,7.24,90406242,651788053.89
2025-12-02,600019,7.24,7.32,7.22,7.29,81416442,591863214.02
2025-12-03,600019,7.27,7.44,7.24,7.36,78692606,579970082.03
2025-12-04,600019,7.39,7.41,7.23,7.27,64206192,467390646.79
2025-12-05,600019,7.25,7.35,7.23,7.33,51152632,372906289.08
2025-12-08,600019,7.32,7.34,7.16,7.18,116900964,841647100.66
2025-12-09,600019,7.15,7.16,7.06,7.09,94528855,670503682.89
2025-12-10,600019,7.07,7.16,7.01,7.15,90930808,644121924.99
2025-12-11,600019,7.14,7.15,7.04,7.08,89095602,631177122.32
2025-12-12,600019,7.09,7.19,7.02,7.19,194708159,1386581780.72
2025-12-15,600019,7.15,7.21,7.04,7.05,129514126,922380403.92
2025-12-16,600019,7.06,7.09,7.01,7.06,76912294,541925270.01
2025-12-17,600019,7.07,7.15,7.0,7.11,83189996,588498585.25
2025-12-18,600019,7.11,7.2,7.09,7.19,73256348,524786107.66
2025-12-19,600019,7.17,7.28,7.14,7.21,64382386,464649995.51
2025-12-22,600019,7.25,7.27,7.2,7.22,61499038,444553337.25
2025-12-23,600019,7.21,7.22,7.15,7.16,48851960,350475536.98
2025-12-24,600019,7.16,7.2,7.12,7.19,43408260,311081538.85
2025-12-25,600019,7.19,7.24,7.14,7.18,45082374,324205296.31
2025-12-26,600019,7.19,7.37,7.18,7.35,96754666,704844492.62
2025-12-29,600019,7.33,7.54,7.31,7.44,128536352,960220472.9
2025-12-30,600019,7.43,7.5,7.37,7.41,56295890,418736627.26
2025-12-31,600019,7.41,7.51,7.39,7.45,54374565,405572178.69
2024-01-02,600328,7.85,7.89,7.79,7.85,7822591,61457206.94
2024-01-03,600328,7.83,7.95,7.82,7.91,8759724,69147069.74
2024-01-04,600328,7.91,7.97,7.83,7.88,7502390,59181864.7
2024-01-05,600328,7.89,7.91,7.76,7.78,10900840,85483686.8
2024-01-08,600328,7.77,7.77,7.57,7.57,9970904,76364093.28
2024-01-09,600328,7.59,7.64,7.51,7.54,8430300,63755372.5
2024-01-10,600328,7.56,7.56,7.4,7.43,8578472,64012246.73
2024-01-11,600328,7.42,7.55,7.39,7.5,8474804,63258248.88
2024-01-12,600328,7.49,7.61,7.47,7.5,7808521,58894374.78
2024-01-15,600328,7.5,7.54,7.42,7.49,6074510,45424400.6
2024-01-16,600328,7.47,7.51,7.35,7.42,8690193,64442187.33
2024-01-17,600328,7.41,7.42,7.25,7.25,7078730,51942175.1
2024-01-18,600328,7.21,7.24,6.96,7.16,14233386,100634508.12
2024-01-19,600328,7.12,7.22,7.1,7.11,6199468,44368414.6
2024-01-22,600328,7.06,7.09,6.69,6.76,10102046,69836568.58
2024-01-23,600328,6.75,6.92,6.62,6.88,8880459,60535039.63
2024-01-24,600328,6.88,7.05,6.76,7.05,9625288,66528569.81
2024-01-25,600328,7.09,7.5,7.06,7.45,22135010,162102190.82
2024-01-26,600328,7.47,7.76,7.43,7.53,18712372,141774462.93
2024-01-29,600328,7.56,7.83,7.56,7.65,26582192,204266859.62
2024-01-30,600328,7.63,7.63,7.31,7.33,17057659,127416087.88
2024-01-31,600328,7.27,7.45,7.23,7.25,12484687,91482673.08
2024-02-01,600328,7.2,7.3,7.05,7.07,12372900,88393066.0
2024-02-02,600328,7.08,7.14,6.69,6.86,15493620,107572653.46
2024-02-05,600328,6.83,6.9,6.42,6.69,18181307,120994673.62
2024-02-06,600328,6.64,7.25,6.58,7.18,19063899,133078610.59
2024-02-07,600328,7.18,7.61,7.13,7.52,24264133,181160678.91
2024-02-08,600328,7.59,7.77,7.48,7.52,25675289,196427499.96
2024-02-19,600328,7.58,7.61,7.43,7.5,17708629,132946613.21
2024-02-20,600328,7.48,7.54,7.39,7.51,11568204,86626006.57
2024-02-21,600328,7.48,7.7,7.45,7.53,16057964,121912179.5
2024-02-22,600328,7.51,7.59,7.48,7.55,13168456,99146532.42
2024-02-23,600328,7.56,7.6,7.52,7.59,13668220,103355451.1
2024-02-26,600328,7.56,7.77,7.53,7.67,18387503,140676176.35
2024-02-27,600328,7.64,7.74,7.61,7.73,14141190,108694201.5
2024-02-28,600328,7.74,7.96,7.63,7.63,29007116,226353014.36
2024-02-29,600328,7.63,7.77,7.59,7.77,14869688,114400688.22
2024-03-01,600328,7.76,7.85,7.72,7.8,12123514,94192217.96
2024-03-04,600328,7.79,7.81,7.65,7.7,12332652,94995452.46
2024-03-05,600328,7.68,7.69,7.55,7.57,12004412,91237334.2
2024-03-06,600328,7.56,7.75,7.51,7.64,12253052,93423907.62
2024-03-07,600328,7.65,7.8,7.64,7.67,13277359,102530905.44
2024-03-08,600328,7.67,7.75,7.6,7.71,9466912,72541944.12
2024-03-11,600328,7.67,7.8,7.67,7.8,12473118,96698822.64
2024-03-12,600328,7.8,7.83,7.69,7.74,12507778,96823679.76
2024-03-13,600328,7.74,7.75,7.64,7.68,10584143,81270389.44
2024-03-14,600328,7.69,7.78,7.61,7.67,12861070,99135055.8
2024-03-15,600328,7.62,7.78,7.58,7.78,15331305,118001761.63
2024-03-18,600328,7.8,7.81,7.72,7.81,13939744,108272967.32
2024-03-19,600328,7.78,7.83,7.75,7.79,11483913,89433058.95
2024-03-20,600328,7.78,8.0,7.73,7.95,24331616,191909129.9
2024-03-21,600328,7.92,7.96,7.82,7.89,15669915,123505171.11
2024-03-22,600328,7.89,7.89,7.73,7.74,11744220,91359864.98
2024-03-25,600328,7.71,7.75,7.51,7.52,13848279,105892161.28
2024-03-26,600328,7.51,7.58,7.43,7.54,10937699,82216212.85
2024-03-27,600328,7.53,7.58,7.42,7.42,8919861,67063692.86
2024-03-28,600328,7.41,7.53,7.39,7.43,10800892,80407026.43
2024-03-29,600328,7.41,7.55,7.41,7.53,8787812,65823705.06
2024-04-01,600328,7.55,7.78,7.55,7.76,19970165,154196034.07
2024-04-02,600328,7.76,7.89,7.74,7.85,24166407,189325799.18
2024-04-03,600328,7.88,8.1,7.87,8.05,33555277,268586928.24
2024-04-08,600328,8.05,8.33,8.03,8.09,42673867,350132374.39
2024-04-09,600328,8.03,8.26,8.0,8.2,27415435,222647065.45
2024-04-10,600328,8.2,8.32,8.12,8.23,27101933,222789609.62
2024-04-11,600328,8.19,8.34,8.06,8.17,24077146,197272186.93
2024-04-12,600328,8.18,8.22,8.05,8.11,14805642,120258030.58
2024-04-15,600328,8.13,8.27,7.9,8.18,28414937,230959397.18
2024-04-16,600328,8.17,8.28,7.94,7.96,30199625,245071933.95
2024-04-17,600328,7.95,8.14,7.95,8.13,23613508,190388967.86
2024-04-18,600328,7.86,7.87,7.52,7.59,61213419,466584404.89
2024-04-19,600328,7.51,7.96,7.49,7.81,46006460,358446510.01
2024-04-22,600328,7.9,7.98,7.7,7.73,26498024,207725976.42
2024-04-23,600328,7.64,7.69,7.32,7.34,36393717,270104384.75
2024-04-24,600328,7.36,7.4,7.18,7.4,23105060,168474978.23
2024-04-25,600328,7.39,7.61,7.34,7.53,22232490,167054928.22
2024-04-26,600328,7.5,7.61,7.41,7.59,17390296,130793677.0
2024-04-29,600328,7.58,7.8,7.51,7.79,20226074,155614805.06
2024-04-30,600328,7.79,7.91,7.75,7.79,17382911,136118248.45
2024-05-06,600328,7.88,8.13,7.81,8.12,24712290,198275659.73
2024-05-07,600328,8.12,8.19,8.08,8.16,17542896,142740695.52
2024-05-08,600328,8.15,8.19,8.06,8.08,14223052,115442036.64
2024-05-09,600328,8.08,8.25,8.06,8.19,17064620,139769631.7
2024-05-10,600328,8.19,8.25,8.1,8.14,12423254,101337075.06
2024-05-13,600328,8.18,8.18,7.97,8.02,14082290,113056573.2
2024-05-14,600328,8.02,8.08,7.99,8.01,10039946,80680317.96
2024-05-15,600328,8.02,8.08,7.89,7.97,9830880,78474638.1
2024-05-16,600328,8.0,8.11,7.93,7.96,10525800,84405857.5
2024-05-17,600328,8.0,8.1,7.94,8.1,15171556,121733244.74
2024-05-20,600328,8.15,8.28,8.13,8.25,23128368,190008853.33
2024-05-21,600328,8.29,8.29,8.11,8.14,15161225,124115762.7
2024-05-22,600328,8.14,8.16,8.01,8.05,14464004,116785843.42
2024-05-23,600328,7.82,7.82,7.55,7.58,18058559,137973357.75
2024-05-24,600328,7.58,7.69,7.56,7.6,9370506,71396344.1
2024-05-27,600328,7.64,7.7,7.55,7.7,11633309,88633449.32
2024-05-28,600328,7.68,7.72,7.58,7.59,9660725,73893231.25
2024-05-29,600328,7.58,7.78,7.55,7.68,10333487,79132042.7
2024-05-30,600328,7.67,7.92,7.61,7.65,23592771,183291616.78
2024-05-31,600328,7.64,7.68,7.49,7.49,16176780,122216272.3
2024-06-03,600328,7.47,7.49,7.29,7.35,12821836,94446107.18
2024-06-04,600328,7.35,7.51,7.27,7.5,9965370,73779521.0
2024-06-05,600328,7.45,7.48,7.3,7.32,8171390,60349581.1
2024-06-06,600328,7.31,7.38,7.22,7.27,10073450,73418912.89
2024-06-07,600328,7.29,7.36,7.27,7.35,7283755,53274598.0
2024-06-11,600328,7.32,7.35,7.23,7.31,7129604,52005735.49
2024-06-12,600328,7.32,7.34,7.23,7.31,7010210,51105302.9
2024-06-13,600328,7.27,7.3,7.12,7.14,10810432,77672985.86
2024-06-14,600328,7.16,7.2,7.05,7.19,6657880,47496357.2
2024-06-17,600328,7.09,7.21,7.09,7.12,5530046,39484041.9
2024-06-18,600328,7.09,7.21,7.08,7.14,6519980,46538125.9
2024-06-19,600328,7.14,7.2,7.05,7.05,8198910,58168248.3
2024-06-20,600328,7.04,7.08,6.93,6.93,8450584,58999985.42
2024-06-21,600328,6.92,7.0,6.9,6.9,6181313,42852965.4
2024-06-24,600328,6.83,6.87,6.67,6.74,9117110,61637305.9
2024-06-25,600328,6.71,6.89,6.71,6.83,6943721,47353330.18
2024-06-26,600328,6.83,7.0,6.77,7.0,7740644,53331120.53
2024-06-27,600328,6.96,6.98,6.79,6.8,7899285,54104600.95
2024-06-28,600328,6.8,6.94,6.79,6.86,6138382,42270818.31
2024-07-01,600328,6.86,7.02,6.84,7.0,8088840,56198225.1
2024-07-02,600328,7.01,7.04,6.93,6.97,6824254,47626591.55
2024-07-03,600328,6.98,7.02,6.94,6.97,4304241,30027105.47
2024-07-04,600328,6.94,6.99,6.79,6.82,5900839,40567547.97
2024-07-05,600328,6.8,6.89,6.77,6.83,7162254,48902499.62
2024-07-08,600328,6.83,6.84,6.66,6.68,6367130,42775763.5
2024-07-09,600328,6.68,6.91,6.67,6.91,9144601,62278737.85
2024-07-10,600328,6.91,6.91,6.8,6.84,6586929,45086422.1
2024-07-11,600328,6.91,7.03,6.91,7.01,8453318,59058470.47
2024-07-12,600328,7.06,7.06,6.96,6.98,5067430,35452829.1
2024-07-15,600328,7.0,7.04,6.94,7.0,5208310,36395662.4
2024-07-16,600328,7.04,7.05,6.93,6.99,4958487,34569537.89
2024-07-17,600328,6.98,7.05,6.94,7.02,6403897,44856459.58
2024-07-18,600328,6.98,7.06,6.93,7.05,6737210,47244623.4
2024-07-19,600328,7.05,7.09,6.98,7.05,5355740,37713142.2
2024-07-22,600328,7.02,7.05,6.98,7.03,5574785,39092161.59
2024-07-23,600328,7.02,7.14,7.0,7.03,9208580,65209770.25
2024-07-24,600328,7.04,7.14,7.01,7.11,10530375,74590857.3
2024-07-25,600328,7.11,7.23,7.03,7.21,15807744,113431537.71
2024-07-26,600328,7.21,7.45,7.04,7.4,31939606,233848408.55
2024-07-29,600328,7.45,7.45,7.29,7.3,15141230,111238443.71
2024-07-30,600328,7.39,7.42,7.27,7.41,10214258,75374139.74
2024-07-31,600328,7.37,7.52,7.36,7.51,17154322,128408592.4
2024-08-01,600328,7.47,7.59,7.47,7.54,13286345,100147061.45
2024-08-02,600328,7.51,7.58,7.46,7.48,9721150,73164801.0
2024-08-05,600328,7.41,7.55,7.41,7.44,14292912,107035820.5
2024-08-06,600328,7.48,7.55,7.34,7.5,12684509,94946946.77
2024-08-07,600328,7.48,7.6,7.45,7.57,11927475,90030838.35
2024-08-08,600328,7.56,7.72,7.56,7.7,14418987,110668062.89
2024-08-09,600328,7.69,7.78,7.67,7.71,11909247,92047777.34
2024-08-12,600328,7.66,7.8,7.66,7.8,11143791,86292478.34
2024-08-13,600328,7.78,7.85,7.71,7.85,10348501,80762781.79
2024-08-14,600328,7.84,7.93,7.74,7.75,12130028,94814296.5
2024-08-15,600328,7.7,7.87,7.69,7.76,10842813,84271942.05
2024-08-16,600328,7.78,7.79,7.69,7.72,8361904,64600259.26
2024-08-19,600328,7.7,7.78,7.67,7.7,7846202,60592721.4
2024-08-20,600328,7.69,7.72,7.61,7.63,9588367,73293754.18
2024-08-21,600328,7.6,7.63,7.5,7.53,9354174,70626155.5
2024-08-22,600328,7.48,7.55,7.41,7.44,6065149,45248358.03
2024-08-23,600328,7.44,7.46,7.34,7.36,8026984,59289911.38
2024-08-26,600328,7.4,7.51,7.22,7.3,17884559,131714817.85
2024-08-27,600328,7.32,7.39,7.25,7.34,9742136,71354676.24
2024-08-28,600328,7.31,7.43,7.31,7.35,8043414,59259433.52
2024-08-29,600328,7.35,7.44,7.3,7.34,10542766,77576957.04
2024-08-30,600328,7.34,7.47,7.2,7.33,21049346,154481084.59
2024-09-02,600328,7.33,7.44,7.23,7.36,13171330,96868799.2
2024-09-03,600328,7.32,7.45,7.32,7.44,11430120,84799453.6
2024-09-04,600328,7.42,7.57,7.38,7.48,10427260,78207333.8
2024-09-05,600328,7.48,7.53,7.38,7.42,10534832,78251326.64
2024-09-06,600328,7.41,7.42,7.31,7.34,7241870,53252710.4
2024-09-09,600328,7.3,7.35,7.26,7.31,5876900,42948263.6
2024-09-10,600328,7.29,7.33,7.07,7.17,11938940,85392410.02
2024-09-11,600328,7.15,7.2,7.08,7.12,6207070,44363569.12
2024-09-12,600328,7.11,7.19,7.07,7.08,5968610,42439611.6
2024-09-13,600328,7.1,7.12,7.02,7.05,5329791,37612253.93
2024-09-18,600328,7.0,7.03,6.79,6.9,9675758,66612278.04
2024-09-19,600328,6.93,7.15,6.9,7.11,8200570,57835421.9
2024-09-20,600328,7.13,7.13,7.0,7.05,6699864,47194009.4
2024-09-23,600328,7.05,7.07,6.97,6.99,5405050,37846442.0
2024-09-24,600328,7.04,7.39,7.04,7.39,18328620,132591126.34
2024-09-25,600328,7.51,7.91,7.51,7.64,30514903,236771399.71
2024-09-26,600328,7.6,7.94,7.59,7.92,26650801,208160606.6
2024-09-27,600328,8.0,8.18,7.99,8.11,21802512,176031539.52
2024-09-30,600328,8.34,8.81,8.25,8.7,59949121,512557560.7
2024-10-08,600328,9.57,9.57,8.6,8.93,68238559,615465095.13
2024-10-09,600328,8.7,8.71,8.15,8.15,42682481,359293675.83
2024-10-10,600328,8.22,8.7,8.12,8.39,31723317,266196915.7
2024-10-11,600328,8.38,8.41,8.01,8.11,23601543,193508578.58
2024-10-14,600328,8.18,8.3,8.07,8.27,19936082,163304693.06
2024-10-15,600328,8.25,8.26,8.06,8.06,19650401,160279901.35
2024-10-16,600328,8.01,8.17,7.97,8.08,11831694,95766338.08
2024-10-17,600328,8.09,8.15,7.87,7.89,17626693,140994464.51
2024-10-18,600328,7.87,8.08,7.77,7.98,30247742,239591248.1
2024-10-21,600328,8.05,8.24,7.87,8.0,41215333,331218636.27
2024-10-22,600328,7.98,8.05,7.93,8.04,24836708,198483580.09
2024-10-23,600328,8.06,8.21,8.03,8.19,29748445,241471176.63
2024-10-24,600328,8.15,8.16,8.0,8.08,18995500,153472614.25
2024-10-25,600328,8.09,8.5,8.09,8.46,46077841,384544223.7
2024-10-28,600328,8.46,9.19,8.45,8.99,71655562,637932794.07
2024-10-29,600328,8.99,8.99,8.65,8.73,38510430,337826597.3
2024-10-30,600328,8.58,8.62,8.25,8.39,47197825,395588192.44
2024-10-31,600328,8.37,8.5,8.32,8.45,35843348,301353766.12
2024-11-01,600328,8.4,8.61,8.31,8.41,35788924,302889335.64
2024-11-04,600328,8.43,8.44,8.25,8.34,28954768,240439137.5
2024-11-05,600328,8.34,8.48,8.3,8.48,33797240,284151360.74
2024-11-06,600328,8.48,8.58,8.39,8.48,34870374,295544704.31
2024-11-07,600328,8.48,8.8,8.41,8.8,41192197,358357521.61
2024-11-08,600328,8.92,8.92,8.6,8.69,36232552,316251027.95
2024-11-11,600328,8.59,8.73,8.53,8.72,29634411,255741461.63
2024-11-12,600328,8.71,8.85,8.53,8.61,34100428,297092337.02
2024-11-13,600328,8.58,8.72,8.54,8.64,20296914,174862962.87
2024-11-14,600328,8.61,8.74,8.4,8.44,26231841,224515308.59
2024-11-15,600328,8.4,8.53,8.27,8.29,20695991,173954854.22
2024-11-18,600328,8.34,8.52,8.28,8.33,24650293,207319796.64
2024-11-19,600328,8.36,8.41,8.24,8.41,19621443,163321397.91
2024-11-20,600328,8.4,8.52,8.36,8.48,21481182,181762186.63
2024-11-21,600328,8.5,8.59,8.38,8.45,17142196,145177344.66
2024-11-22,600328,8.46,8.49,8.09,8.11,23409846,193728520.66
2024-11-25,600328,8.11,8.27,8.06,8.15,15779839,128643618.94
2024-11-26,600328,8.15,8.19,8.1,8.12,11062268,89998578.86
2024-11-27,600328,8.08,8.17,7.88,8.16,20066690,160860089.15
2024-11-28,600328,8.12,8.2,8.11,8.14,14477456,118180286.12
2024-11-29,600328,8.14,8.33,8.09,8.28,20155761,166126835.95
2024-12-02,600328,8.28,8.37,8.25,8.33,17328500,144057157.1
2024-12-03,600328,8.33,8.36,8.25,8.34,13503506,112092397.52
2024-12-04,600328,8.31,8.32,8.17,8.21,13501950,111327333.8
2024-12-05,600328,8.21,8.23,8.15,8.2,9800717,80317078.66
2024-12-06,600328,8.18,8.34,8.17,8.32,17848503,147678911.03
2024-12-09,600328,8.41,8.5,8.32,8.37,22700490,190954633.6
2024-12-10,600328,8.59,8.61,8.36,8.38,24371210,206333633.37
2024-12-11,600328,8.39,8.54,8.35,8.46,21077523,178401693.22
2024-12-12,600328,8.46,8.53,8.38,8.5,19532916,165562630.06
2024-12-13,600328,8.47,8.47,8.28,8.29,23890479,199516823.56
2024-12-16,600328,8.26,8.35,8.23,8.27,13707092,113373518.48
2024-12-17,600328,8.27,8.29,8.12,8.15,15123959,123836029.36
2024-12-18,600328,8.19,8.3,8.17,8.19,13057870,107624603.5
2024-12-19,600328,8.15,8.18,8.02,8.16,13772079,111600967.85
2024-12-20,600328,8.19,8.19,8.07,8.11,9227844,74914272.4
2024-12-23,600328,8.09,8.17,8.02,8.04,13833930,111962065.8
2024-12-24,600328,8.02,8.18,8.02,8.17,12351384,100358380.27
2024-12-25,600328,8.18,8.19,8.11,8.17,9293518,75667983.7
2024-12-26,600328,8.18,8.22,8.16,8.17,8395960,68689669.5
2024-12-27,600328,8.19,8.21,8.12,8.16,11245000,91844747.1
2024-12-30,600328,8.14,8.16,8.08,8.12,10805249,87760493.09
2024-12-31,600328,8.12,8.14,7.82,7.87,24962923,198484381.54
2025-01-02,600328,7.92,8.12,7.83,7.86,25875438,207067074.07
2025-01-03,600328,7.89,8.12,7.85,7.89,23318075,185979862.25
2025-01-06,600328,7.88,8.11,7.83,8.0,21632050,172701157.58
2025-01-07,600328,7.98,8.01,7.72,7.82,21604136,169143294.97
2025-01-08,600328,7.81,7.81,7.55,7.68,16573981,126984596.96
2025-01-09,600328,7.68,7.68,7.5,7.53,14685297,111337057.54
2025-01-10,600328,7.53,7.58,7.41,7.41,12139083,90742636.74
2025-01-13,600328,7.41,7.48,7.37,7.47,9676195,71946096.9
2025-01-14,600328,7.46,7.63,7.45,7.61,18438551,139046573.0
2025-01-15,600328,7.6,7.6,7.5,7.52,12208640,91945000.1
2025-01-16,600328,7.54,7.65,7.5,7.57,13608223,103308168.31
2025-01-17,600328,7.45,7.56,7.25,7.49,22911545,170340029.34
2025-01-20,600328,7.49,7.57,7.48,7.52,12166266,91507949.73
2025-01-21,600328,7.53,7.57,7.39,7.42,11639710,86509440.1
2025-01-22,600328,7.4,7.4,7.27,7.34,13403296,98088815.88
2025-01-23,600328,7.39,7.48,7.38,7.38,11870600,88305557.9
2025-01-24,600328,7.38,7.47,7.37,7.47,9410630,69933088.3
2025-01-27,600328,7.46,7.61,7.46,7.52,12396489,93733954.27
2025-02-05,600328,7.55,7.58,7.35,7.39,16618035,123403641.57
2025-02-06,600328,7.38,7.47,7.34,7.46,11560010,85660681.1
2025-02-07,600328,7.45,7.56,7.42,7.52,17289178,129825295.65
2025-02-10,600328,7.5,7.57,7.47,7.5,13960051,104769869.7
2025-02-11,600328,7.5,7.52,7.42,7.51,12548000,93777509.5
2025-02-12,600328,7.5,7.56,7.45,7.52,13997545,105001280.95
2025-02-13,600328,7.51,7.59,7.51,7.51,17903909,135028079.79
2025-02-14,600328,7.5,7.54,7.44,7.46,12999739,97176653.95
2025-02-17,600328,7.48,7.49,7.4,7.43,14394800,106967999.7
2025-02-18,600328,7.42,7.45,7.33,7.36,14338003,106084979.86
2025-02-19,600328,7.36,7.39,7.33,7.38,10282034,75692487.65
2025-02-20,600328,7.38,7.41,7.33,7.38,12074737,88888611.06
2025-02-21,600328,7.38,7.4,7.31,7.35,12780470,93881928.02
2025-02-24,600328,7.35,7.43,7.35,7.39,14848861,109867001.5
2025-02-25,600328,7.38,7.46,7.33,7.35,16608776,122744224.84
2025-02-26,600328,7.39,7.48,7.38,7.48,20539490,152875633.26
2025-02-27,600328,7.5,7.53,7.43,7.52,17177260,128502257.94
2025-02-28,600328,7.52,7.61,7.5,7.53,24903593,188332754.83
2025-03-03,600328,7.55,7.66,7.55,7.6,20049003,152552319.34
2025-03-04,600328,7.57,7.59,7.47,7.51,17650438,132546822.92
2025-03-05,600328,7.52,7.53,7.42,7.46,12065145,89963194.15
2025-03-06,600328,7.47,7.49,7.43,7.47,16973589,126589771.95
2025-03-07,600328,7.46,7.52,7.44,7.47,14634725,109431718.65
2025-03-10,600328,7.48,7.5,7.44,7.48,11148231,83255320.83
2025-03-11,600328,7.45,7.58,7.4,7.58,18409064,138321894.44
2025-03-12,600328,7.58,7.61,7.53,7.54,11963879,90358439.77
2025-03-13,600328,7.55,7.58,7.5,7.58,14229021,107266519.25
2025-03-14,600328,7.58,7.65,7.57,7.64,18728209,142713426.87
2025-03-17,600328,7.66,7.69,7.64,7.68,14066807,107851707.18
2025-03-18,600328,7.72,7.74,7.61,7.65,14505000,111256002.64
2025-03-19,600328,7.63,7.64,7.57,7.59,11756200,89310465.7
2025-03-20,600328,7.58,7.65,7.58,7.61,10102140,76936514.4
2025-03-21,600328,7.6,7.7,7.56,7.62,16424424,125436682.07
2025-03-24,600328,7.59,7.64,7.51,7.63,16598994,125759430.19
2025-03-25,600328,7.63,7.92,7.61,7.92,47631449,372520107.51
2025-03-26,600328,7.87,7.97,7.81,7.88,29967330,236339089.89
2025-03-27,600328,7.83,7.93,7.79,7.8,27218828,213837162.02
2025-03-28,600328,7.75,7.78,7.48,7.49,34098273,258760891.38
2025-03-31,600328,7.48,7.48,7.34,7.37,19660180,145347870.6
2025-04-01,600328,7.4,7.45,7.37,7.44,13436890,99709583.9
2025-04-02,600328,7.42,7.46,7.4,7.42,9321310,69191022.07
2025-04-03,600328,7.39,7.46,7.35,7.45,13191773,97750696.21
2025-04-07,600328,7.22,7.29,6.71,6.72,37091387,258267293.42
2025-04-08,600328,6.77,7.06,6.77,7.05,26324316,183366106.88
2025-04-09,600328,6.97,7.09,6.82,7.05,18949762,132256333.19
2025-04-10,600328,7.1,7.16,7.05,7.1,16521280,117522302.2
2025-04-11,600328,7.09,7.13,7.05,7.08,9952230,70547784.8
2025-04-14,600328,7.11,7.14,7.08,7.12,9475492,67416485.43
2025-04-15,600328,7.1,7.12,7.06,7.1,7972443,56479498.62
2025-04-16,600328,7.07,7.11,6.98,7.09,10902961,76919017.98
2025-04-17,600328,7.06,7.13,7.04,7.08,6976870,49515268.6
2025-04-18,600328,7.06,7.08,7.02,7.04,5900670,41533932.7
2025-04-21,600328,7.04,7.08,7.02,7.07,6061231,42770184.54
2025-04-22,600328,7.11,7.34,7.1,7.21,17742526,128114759.69
2025-04-23,600328,7.25,7.25,7.18,7.2,9793930,70583078.7
2025-04-24,600328,7.18,7.23,7.15,7.16,7821570,56224947.4
2025-04-25,600328,7.17,7.21,7.15,7.18,6408565,46013055.85
2025-04-28,600328,7.19,7.21,7.12,7.13,6794440,48521255.4
2025-04-29,600328,7.05,7.09,6.99,7.06,9140519,64508677.26
2025-04-30,600328,7.06,7.08,7.01,7.01,9082950,63918727.64
2025-05-06,600328,7.03,7.08,7.03,7.08,8044076,56803940.95
2025-05-07,600328,7.12,7.18,7.1,7.17,12970695,92738632.35
2025-05-08,600328,7.16,7.17,7.11,7.15,7809884,55790025.58
2025-05-09,600328,7.16,7.17,7.1,7.12,7180450,51180101.0
2025-05-12,600328,7.14,7.17,7.11,7.15,7881246,56271964.59
2025-05-13,600328,7.09,7.1,7.03,7.08,11873694,83921781.38
2025-05-14,600328,7.05,7.14,7.04,7.12,8559260,60704133.4
2025-05-15,600328,7.12,7.18,7.06,7.07,7569510,53804651.6
2025-05-16,600328,7.06,7.23,7.06,7.11,11054104,78901796.04
2025-05-19,600328,7.11,7.15,7.07,7.14,7873865,56071970.5
2025-05-20,600328,7.14,7.16,7.11,7.14,6099160,43519497.9
2025-05-21,600328,7.15,7.17,7.14,7.15,6452707,46151016.0
2025-05-22,600328,7.14,7.14,7.05,7.08,7730940,54716171.4
2025-05-23,600328,7.07,7.1,7.03,7.06,7245275,51207470.45
2025-05-26,600328,7.06,7.07,7.01,7.04,5046080,35538758.6
2025-05-27,600328,7.05,7.12,7.02,7.11,7193206,50846424.0
2025-05-28,600328,7.11,7.13,7.06,7.07,4250240,30108712.4
2025-05-29,600328,7.06,7.12,7.05,7.1,7939962,56303140.12
2025-05-30,600328,7.08,7.09,7.06,7.08,4752164,33609808.28
2025-06-03,600328,7.08,7.1,7.05,7.08,5372611,38023704.28
2025-06-04,600328,7.09,7.12,7.07,7.12,7920836,56244018.6
2025-06-05,600328,7.12,7.23,7.09,7.16,11526415,82443876.04
2025-06-06,600328,7.16,7.2,7.13,7.15,5624132,40300125.56
2025-06-09,600328,7.15,7.19,7.15,7.18,6894086,49406244.2
2025-06-10,600328,7.2,7.2,7.1,7.15,6912428,49426194.26
2025-06-11,600328,7.16,7.19,7.13,7.16,7490478,53731980.86
2025-06-12,600328,7.16,7.19,7.13,7.19,8698449,62294979.3
2025-06-13,600328,7.19,7.4,7.14,7.28,25219573,183289855.1
2025-06-16,600328,7.23,7.39,7.21,7.36,20141437,147068040.08
2025-06-17,600328,7.37,7.4,7.31,7.33,14210247,104481202.95
2025-06-18,600328,7.33,7.35,7.26,7.28,9398165,68612280.3
2025-06-19,600328,7.3,7.3,7.16,7.23,10548601,76119084.41
2025-06-20,600328,7.94,7.94,7.44,7.5,57683889,438522267.33
2025-06-23,600328,7.3,7.44,7.25,7.44,24042098,177130125.61
2025-06-24,600328,7.38,7.43,7.33,7.42,19424158,143287589.87
2025-06-25,600328,7.42,7.43,7.35,7.43,15807016,116927056.2
2025-06-26,600328,7.42,7.96,7.37,7.73,43119442,329258650.09
2025-06-27,600328,7.77,7.9,7.67,7.69,31967291,247935470.04
2025-06-30,600328,7.65,7.76,7.63,7.65,16650427,127748732.45
2025-07-01,600328,7.63,7.67,7.56,7.67,14263335,108579228.11
2025-07-02,600328,7.68,7.81,7.65,7.77,21523567,166367079.21
2025-07-03,600328,7.7,7.79,7.68,7.71,12380803,95319564.96
2025-07-04,600328,7.69,7.71,7.63,7.66,13049771,100040270.22
2025-07-07,600328,7.65,7.67,7.63,7.65,7445591,56941060.67
2025-07-08,600328,7.64,7.68,7.61,7.67,9844683,75307316.39
2025-07-09,600328,7.67,7.77,7.66,7.69,13004723,100298960.1
2025-07-10,600328,7.8,7.87,7.74,7.84,20800230,162199176.02
2025-07-11,600328,7.82,8.03,7.77,7.91,30542891,241936758.02
2025-07-14,600328,7.94,8.09,7.94,8.06,26213465,210865531.33
2025-07-15,600328,7.85,7.85,7.62,7.74,40798601,314732648.93
2025-07-16,600328,7.74,7.75,7.61,7.61,19168878,146741432.57
2025-07-17,600328,7.61,7.64,7.57,7.64,13193310,100385653.04
2025-07-18,600328,7.65,8.19,7.65,8.04,53314926,422869894.16
2025-07-21,600328,8.09,8.48,8.09,8.29,59943704,499011982.54
2025-07-22,600328,8.33,8.5,8.14,8.48,52887617,442072458.92
2025-07-23,600328,8.46,8.49,8.18,8.21,33654024,279524519.4
2025-07-24,600328,8.21,8.55,8.18,8.52,37634020,315524132.64
2025-07-25,600328,8.53,8.78,8.41,8.45,57270294,492178600.79
2025-07-28,600328,8.28,8.37,8.14,8.19,33319719,274196884.47
2025-07-29,600328,8.19,8.22,8.03,8.11,21996703,178092439.01
2025-07-30,600328,8.14,8.24,8.0,8.07,25083161,203781469.85
2025-07-31,600328,8.02,8.07,7.81,7.85,26021882,205567157.64
2025-08-01,600328,7.84,7.94,7.8,7.89,12572082,99191342.96
2025-08-04,600328,7.81,7.89,7.79,7.86,13733245,107570149.17
2025-08-05,600328,7.85,8.0,7.83,7.91,18107827,143003442.04
2025-08-06,600328,7.99,8.17,7.92,8.15,27706525,223785749.45
2025-08-07,600328,8.13,8.13,7.97,8.01,19851870,159178629.6
2025-08-08,600328,7.99,8.03,7.92,7.95,19004582,151474431.34
2025-08-11,600328,7.95,8.02,7.88,8.02,15953523,127022643.85
2025-08-12,600328,8.0,8.17,7.97,8.08,23451134,189499804.52
2025-08-13,600328,8.1,8.1,7.97,8.01,18212217,146247800.91
2025-08-14,600328,8.0,8.02,7.84,7.84,19863997,157288455.16
2025-08-15,600328,7.86,8.02,7.86,8.01,16892562,134759582.83
2025-08-18,600328,8.01,8.04,7.94,7.98,19892728,158730590.5
2025-08-19,600328,7.95,8.05,7.95,7.99,15335930,122643886.5
2025-08-20,600328,7.95,8.13,7.95,8.12,25768476,208053602.68
2025-08-21,600328,8.13,8.37,8.09,8.3,36270123,299083833.71
2025-08-22,600328,8.28,8.28,8.12,8.22,24924232,204172520.68
2025-08-25,600328,8.22,8.37,8.19,8.32,30034102,249611922.09
2025-08-26,600328,8.31,8.44,8.27,8.39,23662626,197894271.72
2025-08-27,600328,8.38,8.38,8.1,8.12,27184105,223735122.9
2025-08-28,600328,8.11,8.18,7.94,8.12,21158549,170922591.92
2025-08-29,600328,8.14,8.22,8.1,8.15,18082442,147568653.09
2025-09-01,600328,8.14,8.18,8.05,8.11,18103223,146618723.99
2025-09-02,600328,8.11,8.11,7.91,7.95,18245152,145506797.68
2025-09-03,600328,7.97,7.99,7.75,7.78,17281987,135451876.78
2025-09-04,600328,7.74,7.82,7.64,7.75,14245071,110429329.82
2025-09-05,600328,7.75,7.99,7.74,7.98,16516626,130273819.4
2025-09-08,600328,7.98,8.22,7.91,8.16,25238968,204488382.13
2025-09-09,600328,8.17,8.24,8.1,8.15,19620800,160209366.44
2025-09-10,600328,8.13,8.14,7.94,8.0,19957168,159856201.78
2025-09-11,600328,7.99,7.99,7.89,7.96,22074388,174956267.34
2025-09-12,600328,7.96,8.06,7.88,7.96,24722919,196781564.8
2025-09-15,600328,7.99,8.04,7.86,7.88,17247799,136642999.73
2025-09-16,600328,8.02,8.06,7.84,7.93,23040514,182582844.54
2025-09-17,600328,7.95,7.97,7.89,7.92,16252515,128830493.88
2025-09-18,600328,7.92,7.94,7.72,7.77,21699226,170089654.58
2025-09-19,600328,7.75,7.9,7.73,7.78,13621636,106073428.5
2025-09-22,600328,7.79,7.79,7.63,7.69,14834190,114057805.96
2025-09-23,600328,7.67,7.67,7.47,7.56,15509548,117033202.28
2025-09-24,600328,7.57,7.66,7.52,7.65,9456617,71829512.54
2025-09-25,600328,7.68,7.69,7.57,7.66,9425535,71956245.63
2025-09-26,600328,7.64,7.7,7.6,7.66,8021733,61535522.41
2025-09-29,600328,7.67,7.77,7.57,7.75,12081429,92773799.07
2025-09-30,600328,7.75,7.8,7.7,7.77,9959901,77379270.88
2025-10-09,600328,7.82,8.03,7.8,8.01,25754927,205137525.81
2025-10-10,600328,8.0,8.13,7.96,8.09,24206852,195444876.12
2025-10-13,600328,7.75,8.02,7.72,8.01,20027550,158492663.0
2025-10-14,600328,8.0,8.07,7.9,7.93,17463974,139403672.1
2025-10-15,600328,7.91,8.02,7.9,7.93,16442426,130744700.56
2025-10-16,600328,7.94,7.95,7.8,7.84,13077072,102678314.28
2025-10-17,600328,7.84,7.9,7.71,7.75,13411730,104578205.9
2025-10-20,600328,7.8,7.82,7.72,7.77,9619288,74614569.84
2025-10-21,600328,7.78,7.88,7.78,7.84,10751330,84365342.1
2025-10-22,600328,7.84,7.93,7.81,7.82,12666481,99486494.23
2025-10-23,600328,7.81,7.91,7.76,7.9,12198135,95612364.11
2025-10-24,600328,7.87,7.93,7.78,7.81,15456410,120919500.7
2025-10-27,600328,7.8,7.83,7.77,7.78,15141072,118094301.24
2025-10-28,600328,7.79,7.8,7.73,7.74,9429142,73205599.48
2025-10-29,600328,7.74,8.08,7.71,7.96,26654543,210188246.74
2025-10-30,600328,7.91,7.97,7.81,7.87,20890333,164754038.66
2025-10-31,600328,7.82,7.97,7.82,7.93,15784070,125110547.1
2025-11-03,600328,8.05,8.09,7.94,8.01,20235245,162111288.32
2025-11-04,600328,8.01,8.07,7.9,7.93,15413058,123155164.9
2025-11-05,600328,7.91,8.0,7.88,7.96,11684626,92933719.72
2025-11-06,600328,7.96,8.09,7.96,8.04,19190110,154213933.5
2025-11-07,600328,8.04,8.34,8.01,8.28,47644401,391233346.93
2025-11-10,600328,8.43,8.8,8.38,8.57,64765905,559597375.55
2025-11-11,600328,8.57,8.66,8.48,8.58,30122683,257984660.68
2025-11-12,600328,8.55,8.75,8.37,8.64,35552538,305369280.1
2025-11-13,600328,8.67,9.01,8.63,8.86,51448566,456318657.42
2025-11-14,600328,8.73,8.96,8.72,8.8,35348158,312744008.97
2025-11-17,600328,8.78,9.1,8.68,8.9,45586865,404252635.0
2025-11-18,600328,8.94,9.04,8.68,8.72,34052869,299548556.99
2025-11-19,600328,8.66,9.05,8.66,9.01,49420877,438386217.33
2025-11-20,600328,8.99,9.34,8.8,8.82,68980309,621963373.18
2025-11-21,600328,8.7,8.7,8.27,8.28,54495578,460422380.28
2025-11-24,600328,8.33,8.37,8.18,8.22,25499960,211050718.8
2025-11-25,600328,8.23,8.35,8.14,8.29,23774113,195800083.17
2025-11-26,600328,8.29,8.63,8.23,8.37,30588530,256575607.96
2025-11-27,600328,8.39,8.42,8.28,8.34,18470625,154361599.55
2025-11-28,600328,8.33,8.5,8.28,8.4,14778020,124252176.4
2025-12-01,600328,8.44,8.72,8.4,8.48,20267756,172808995.04
2025-12-02,600328,8.42,8.47,8.36,8.44,11375531,95705820.4
2025-12-03,600328,8.46,8.47,8.28,8.33,15267937,127707549.59
2025-12-04,600328,8.29,8.35,8.06,8.16,25168499,205182798.15
2025-12-05,600328,8.19,8.27,8.14,8.24,13805400,113339527.1
2025-12-08,600328,8.24,8.26,8.06,8.09,23266835,188706970.5
2025-12-09,600328,8.08,8.08,7.88,7.9,23512841,187315324.09
2025-12-10,600328,7.87,7.92,7.82,7.88,13146450,103475147.7
2025-12-11,600328,7.91,7.96,7.79,7.79,14400230,113404153.3
2025-12-12,600328,7.84,7.87,7.74,7.77,14777300,115039221.5
2025-12-15,600328,7.74,8.0,7.71,7.91,17560661,138203150.36
2025-12-16,600328,7.93,7.94,7.75,7.83,12123584,94567453.84
2025-12-17,600328,7.81,7.88,7.76,7.83,9332365,72957171.6
2025-12-18,600328,7.85,8.05,7.8,7.88,16837650,133539723.9
2025-12-19,600328,7.88,8.08,7.88,8.05,19787636,158420322.94
2025-12-22,600328,8.04,8.1,8.0,8.0,10742460,86400807.84
2025-12-23,600328,8.01,8.08,7.96,8.01,8839132,70768653.42
2025-12-24,600328,8.01,8.07,7.95,8.06,10666771,85409781.48
2025-12-25,600328,8.04,8.08,7.98,8.04,10891420,87522094.0
2025-12-26,600328,8.02,8.1,8.01,8.07,14754206,118814296.94
2025-12-29,600328,8.12,8.48,8.1,8.36,43087008,359941551.36
2025-12-30,600328,8.3,8.46,8.16,8.35,23522972,195648794.35
2025-12-31,600328,8.37,8.42,8.17,8.24,15207159,125520141.01
2024-01-02,600348,9.73,10.47,9.73,10.35,91251917,931341673.78
2024-01-03,600348,10.27,10.44,10.2,10.31,65151214,671978064.72
2024-01-04,600348,10.36,10.44,10.26,10.37,55242222,571338591.6
2024-01-05,600348,10.36,10.48,10.2,10.25,58635933,605334367.66
2024-01-08,600348,10.26,10.29,10.07,10.1,40320505,409405804.38
2024-01-09,600348,10.13,10.34,9.99,10.3,48181778,490582371.05
2024-01-10,600348,10.27,10.42,10.13,10.16,38420337,393031799.47
2024-01-11,600348,10.13,10.14,9.9,10.01,46916379,469029300.94
2024-01-12,600348,9.98,10.1,9.89,9.96,25824047,257757495.78
2024-01-15,600348,9.93,10.05,9.9,9.92,26791776,266596546.82
2024-01-16,600348,9.93,9.95,9.67,9.79,54008577,528259317.63
2024-01-17,600348,9.79,9.97,9.68,9.71,44794922,441555980.48
2024-01-18,600348,9.6,9.72,9.37,9.59,47364891,450507700.42
2024-01-19,600348,9.59,9.62,9.42,9.48,33131590,315226542.54
2024-01-22,600348,9.4,9.48,8.97,9.04,36315478,334812544.18
2024-01-23,600348,9.05,9.35,8.97,9.31,37475547,344194322.59
2024-01-24,600348,9.31,9.62,9.26,9.58,51452734,486715134.35
2024-01-25,600348,9.65,10.04,9.6,9.97,55504221,546098781.54
2024-01-26,600348,9.93,10.05,9.88,10.0,31714930,316742209.87
2024-01-29,600348,10.0,10.16,9.9,9.97,33549445,335594572.36
2024-01-30,600348,9.96,9.96,9.71,9.72,30977614,304729064.71
2024-01-31,600348,9.72,9.95,9.6,9.67,32298489,315906214.46
2024-02-01,600348,9.66,9.74,9.46,9.5,30219523,289267458.28
2024-02-02,600348,9.52,9.64,9.17,9.39,32421806,306286441.07
2024-02-05,600348,9.44,9.57,9.06,9.3,49362542,460552238.13
2024-02-06,600348,9.27,9.68,9.05,9.57,52238740,489640332.64
2024-02-07,600348,9.58,9.93,9.47,9.92,72227869,700756607.23
2024-02-08,600348,9.91,10.19,9.87,9.91,54087311,543429872.0
2024-02-19,600348,9.93,10.38,9.72,10.33,67828964,685704158.04
2024-02-20,600348,10.33,10.71,10.21,10.62,63443832,664681315.99
2024-02-21,600348,10.55,10.84,10.33,10.35,88766861,932895311.63
2024-02-22,600348,10.2,10.78,10.09,10.77,142253568,1488058353.6
2024-02-23,600348,10.75,10.9,10.39,10.46,92510554,976464723.88
2024-02-26,600348,10.4,10.51,10.13,10.18,60852162,627630423.36
2024-02-27,600348,10.12,10.35,10.07,10.24,39265918,400698682.49
2024-02-28,600348,10.25,10.26,10.02,10.05,66835279,677361382.84
2024-02-29,600348,10.04,10.16,9.95,10.12,44997296,453590544.27
2024-03-01,600348,10.09,10.4,10.08,10.33,50921367,523455915.49
2024-03-04,600348,10.32,10.63,10.26,10.61,76567214,802546952.31
2024-03-05,600348,10.55,10.67,10.39,10.52,58170518,610725482.32
2024-03-06,600348,10.51,10.77,10.45,10.64,60405577,642549002.49
2024-03-07,600348,10.66,10.97,10.66,10.8,66950914,724774235.48
2024-03-08,600348,10.81,10.85,10.43,10.55,100067579,1057037533.58
2024-03-11,600348,10.55,10.56,10.12,10.28,83975387,862319963.66
2024-03-12,600348,10.25,10.25,9.94,9.99,73806076,742598264.62
2024-03-13,600348,9.98,10.08,9.88,10.05,41392386,413661633.94
2024-03-14,600348,10.05,10.16,9.98,10.1,45507172,458544491.34
2024-03-15,600348,10.1,10.1,9.71,9.88,68471880,673701662.71
2024-03-18,600348,9.8,9.8,9.63,9.74,47972184,465837531.65
2024-03-19,600348,9.71,9.98,9.71,9.79,47144817,464887171.75
2024-03-20,600348,9.76,9.84,9.67,9.76,33670808,328225419.66
2024-03-21,600348,9.7,9.8,9.58,9.72,31342535,304087562.29
2024-03-22,600348,9.72,9.82,9.63,9.75,30675002,298201320.3
2024-03-25,600348,9.66,9.8,9.46,9.47,48149660,463845861.82
2024-03-26,600348,9.5,9.61,9.2,9.3,55859649,521076872.38
2024-03-27,600348,9.3,9.4,9.2,9.2,26664686,248268149.67
2024-03-28,600348,9.22,9.29,9.11,9.18,29483712,271089669.4
2024-03-29,600348,9.13,9.38,9.12,9.38,35712748,330082038.1
2024-04-01,600348,9.16,9.24,8.94,9.24,48513235,443123217.08
2024-04-02,600348,9.19,9.33,9.13,9.16,46887474,432195958.78
2024-04-03,600348,9.24,9.7,9.22,9.68,85018191,807557106.63
2024-04-08,600348,9.61,9.87,9.52,9.62,67045263,651104077.92
2024-04-09,600348,9.56,9.75,9.52,9.74,46345458,446775629.97
2024-04-10,600348,9.72,9.86,9.63,9.66,55526928,540971550.69
2024-04-11,600348,9.63,9.95,9.52,9.81,65486305,641746144.75
2024-04-12,600348,9.78,9.89,9.71,9.8,38779676,380231048.73
2024-04-15,600348,9.82,10.05,9.74,9.99,55387283,550136063.85
2024-04-16,600348,10.01,10.24,9.91,10.01,75425261,761638857.88
2024-04-17,600348,9.97,10.17,9.91,10.16,58930743,592139513.67
2024-04-18,600348,10.33,10.57,10.14,10.25,69229567,712030696.28
2024-04-19,600348,10.2,10.32,10.0,10.15,94460894,962853948.12
2024-04-22,600348,10.12,10.25,9.68,9.74,74645580,740229395.89
2024-04-23,600348,9.45,9.45,9.18,9.19,72369667,670719958.8
2024-04-24,600348,9.15,9.2,8.99,9.18,47420315,431175596.66
2024-04-25,600348,9.16,9.45,9.15,9.36,40932362,380742373.67
2024-04-26,600348,9.42,9.48,9.22,9.32,40176520,374058374.55
2024-04-29,600348,9.2,9.47,9.15,9.43,38829027,362194601.73
2024-04-30,600348,9.4,9.59,9.4,9.45,34115808,324707657.42
2024-05-06,600348,9.53,9.65,9.43,9.64,31815678,303998513.88
2024-05-07,600348,9.65,9.78,9.64,9.69,27159502,263304111.8
2024-05-08,600348,9.69,9.92,9.68,9.8,42346376,416554889.18
2024-05-09,600348,9.8,10.1,9.79,10.03,43530141,435850452.84
2024-05-10,600348,10.05,10.18,9.99,10.17,37127482,375211052.29
2024-05-13,600348,10.17,10.24,9.98,10.16,46661188,472523068.9
2024-05-14,600348,10.18,10.27,9.91,10.15,49324220,497418725.37
2024-05-15,600348,10.23,10.6,10.18,10.44,71368281,747049746.81
2024-05-16,600348,10.41,10.56,10.38,10.46,35951275,376520120.62
2024-05-17,600348,10.46,10.54,10.37,10.54,29606808,310108894.55
2024-05-20,600348,10.54,10.69,10.44,10.64,43853316,464445333.49
2024-05-21,600348,10.61,10.88,10.61,10.85,43680067,471511626.56
2024-05-22,600348,10.88,11.1,10.86,10.93,46332752,509255053.32
2024-05-23,600348,10.89,10.99,10.72,10.74,34708951,375553856.08
2024-05-24,600348,10.7,10.96,10.65,10.71,30730401,331017812.98
2024-05-27,600348,10.77,11.05,10.75,10.93,37027603,404758240.81
2024-05-28,600348,10.89,11.1,10.86,11.01,37014812,406803467.54
2024-05-29,600348,10.96,11.36,10.94,11.29,41771835,468701378.69
2024-05-30,600348,11.22,11.3,10.95,10.99,33096530,367805202.1
2024-05-31,600348,11.05,11.14,10.96,10.98,23991916,264945356.0
2024-06-03,600348,10.97,11.09,10.91,11.04,27016861,297376697.88
2024-06-04,600348,10.98,11.04,10.78,10.9,32208416,350337733.89
2024-06-05,600348,10.9,11.01,10.7,10.73,22861419,247583661.57
2024-06-06,600348,10.78,11.04,10.75,10.91,28764402,314295970.12
2024-06-07,600348,10.91,11.01,10.8,10.99,27364146,299093111.02
2024-06-11,600348,11.02,11.04,10.63,10.7,33551603,360294797.19
2024-06-12,600348,10.7,11.14,10.67,11.11,34327292,375429329.85
2024-06-13,600348,11.05,11.28,10.99,11.06,34606625,384826667.5
2024-06-14,600348,11.03,11.07,10.82,10.85,26036547,284946152.11
2024-06-17,600348,10.86,10.94,10.51,10.65,33070730,352912376.66
2024-06-18,600348,10.68,10.74,10.53,10.59,22007320,232967943.56
2024-06-19,600348,10.59,10.72,10.5,10.52,18914294,200094957.13
2024-06-20,600348,10.51,10.67,10.49,10.51,22865020,241473553.58
2024-06-21,600348,10.52,10.62,10.38,10.48,24250552,255048516.94
2024-06-24,600348,10.48,10.49,10.1,10.18,26813952,273997396.91
2024-06-25,600348,10.17,10.22,10.09,10.14,20636621,209345239.33
2024-06-26,600348,10.14,10.18,9.94,10.1,28749372,288536609.07
2024-06-27,600348,10.11,10.23,10.0,10.02,21654503,218629086.17
2024-06-28,600348,10.0,10.07,9.92,9.96,23735613,237231474.48
2024-07-01,600348,9.98,10.44,9.97,10.39,32368273,332722582.78
2024-07-02,600348,10.37,10.49,10.11,10.28,33179618,339343646.75
2024-07-03,600348,10.25,10.32,9.99,10.0,21880243,221098289.76
2024-07-04,600348,10.01,10.12,9.8,9.81,22627990,224365714.18
2024-07-05,600348,9.84,9.86,9.49,9.56,50002102,479967804.94
2024-07-08,600348,9.56,9.56,9.29,9.34,39523015,370172514.32
2024-07-09,600348,9.34,9.58,9.21,9.57,35040448,330021634.06
2024-07-10,600348,9.18,9.18,8.61,8.61,106771851,936180957.12
2024-07-11,600348,8.6,8.66,8.46,8.58,72165197,617526655.29
2024-07-12,600348,8.57,8.63,8.38,8.41,63827242,542184075.38
2024-07-15,600348,8.41,8.49,8.28,8.49,49882995,420068969.73
2024-07-16,600348,8.47,8.51,8.4,8.48,34398744,290466958.27
2024-07-17,600348,8.48,8.53,8.29,8.34,43418735,362675694.35
2024-07-18,600348,7.59,7.71,7.51,7.7,40577135,308473031.27
2024-07-19,600348,7.67,7.74,7.61,7.65,29146309,223533725.81
2024-07-22,600348,7.61,7.62,7.35,7.45,43621222,324329789.93
2024-07-23,600348,7.45,7.48,7.25,7.26,36934600,270541036.5
2024-07-24,600348,7.28,7.29,7.12,7.13,35202090,253004894.62
2024-07-25,600348,7.13,7.14,6.99,7.05,40075372,282182502.36
2024-07-26,600348,7.05,7.23,7.04,7.12,30234990,215989994.5
2024-07-29,600348,7.17,7.18,6.9,6.92,44712431,311546729.15
2024-07-30,600348,6.92,6.93,6.72,6.75,40240436,272478704.25
2024-07-31,600348,6.73,7.17,6.72,7.17,49552870,347020107.25
2024-08-01,600348,7.17,7.27,7.07,7.08,36913000,263552032.0
2024-08-02,600348,7.01,7.17,6.96,7.08,29111752,206518444.83
2024-08-05,600348,7.01,7.32,7.01,7.18,49693807,358396351.38
2024-08-06,600348,7.22,7.37,7.2,7.29,36561464,265943271.5
2024-08-07,600348,7.3,7.46,7.18,7.38,35192560,258790595.0
2024-08-08,600348,7.37,7.42,7.24,7.27,28517798,208057963.81
2024-08-09,600348,7.3,7.37,7.25,7.25,22227656,162000731.84
2024-08-12,600348,7.19,7.35,7.18,7.29,26966480,196550158.82
2024-08-13,600348,7.31,7.33,7.15,7.27,22475001,162122069.16
2024-08-14,600348,7.24,7.27,7.13,7.14,15390337,110558909.27
2024-08-15,600348,7.14,7.36,7.11,7.28,29690836,215838781.05
2024-08-16,600348,7.29,7.34,7.23,7.26,16403957,119288041.38
2024-08-19,600348,7.25,7.34,7.22,7.24,19485714,141755405.04
2024-08-20,600348,7.24,7.26,6.97,6.99,29573683,208703267.34
2024-08-21,600348,6.98,7.04,6.82,6.93,18664049,128909740.93
2024-08-22,600348,6.92,6.97,6.86,6.94,16988606,117593525.94
2024-08-23,600348,6.95,7.12,6.93,7.08,19659824,138762857.44
2024-08-26,600348,7.1,7.14,7.01,7.14,15231661,108195403.45
2024-08-27,600348,7.14,7.23,7.08,7.18,18054488,129364928.76
2024-08-28,600348,7.18,7.3,7.16,7.24,20586828,149411140.99
2024-08-29,600348,7.24,7.26,7.08,7.23,21588198,154725799.77
2024-08-30,600348,7.05,7.29,6.96,7.21,41994131,300561217.89
2024-09-02,600348,7.2,7.34,7.13,7.28,38726972,281817213.15
2024-09-03,600348,7.24,7.35,7.11,7.17,35037755,252406943.09
2024-09-04,600348,7.11,7.14,7.0,7.06,26493100,187403912.59
2024-09-05,600348,7.07,7.19,6.95,7.0,27319221,192049092.45
2024-09-06,600348,6.98,6.99,6.9,6.9,17901634,124076037.4
2024-09-09,600348,6.88,6.88,6.63,6.69,31015273,207777346.34
2024-09-10,600348,6.69,6.73,6.55,6.6,24326923,161206119.48
2024-09-11,600348,6.57,6.57,6.4,6.53,30057916,194085474.09
2024-09-12,600348,6.54,6.77,6.54,6.63,23982650,159807071.93
2024-09-13,600348,6.66,6.67,6.5,6.5,12798044,84122674.96
2024-09-18,600348,6.49,6.78,6.49,6.74,22371917,148702378.08
2024-09-19,600348,6.78,6.89,6.66,6.85,19016461,129374741.29
2024-09-20,600348,6.85,6.9,6.78,6.83,12862092,87789523.86
2024-09-23,600348,6.84,6.97,6.8,6.91,15616328,107866689.91
2024-09-24,600348,6.97,7.3,6.96,7.29,40131633,286902554.14
2024-09-25,600348,7.41,7.55,7.25,7.28,48664628,360168543.7
2024-09-26,600348,7.27,7.57,7.22,7.55,40245749,298521240.42
2024-09-27,600348,7.67,7.9,7.67,7.88,32312262,251719963.59
2024-09-30,600348,8.18,8.5,8.06,8.47,107661546,892714327.67
2024-10-08,600348,9.31,9.31,8.31,8.53,129099865,1124749964.74
2024-10-09,600348,8.38,8.38,7.73,7.76,84420151,675364699.09
2024-10-10,600348,7.86,8.33,7.8,8.01,95649436,770957960.88
2024-10-11,600348,8.07,8.1,7.74,7.85,46320969,366039025.83
2024-10-14,600348,7.89,8.1,7.8,8.02,43815876,349529029.16
2024-10-15,600348,8.02,8.02,7.67,7.68,50384822,394585310.41
2024-10-16,600348,7.63,7.81,7.56,7.74,39697909,306365698.54
2024-10-17,600348,7.78,7.88,7.66,7.66,31790927,246987032.71
2024-10-18,600348,7.64,7.87,7.56,7.76,44611950,344134463.36
2024-10-21,600348,7.79,7.82,7.68,7.71,40823123,315761372.11
2024-10-22,600348,7.71,7.75,7.65,7.75,29899580,230333758.75
2024-10-23,600348,7.75,7.84,7.68,7.8,39998529,310513799.06
2024-10-24,600348,7.77,7.79,7.63,7.65,38366854,294710473.17
2024-10-25,600348,7.67,7.95,7.67,7.88,56775135,445116303.23
2024-10-28,600348,7.85,7.92,7.79,7.89,51162126,401499126.09
2024-10-29,600348,7.89,7.89,7.64,7.65,50915474,393574360.38
2024-10-30,600348,7.58,7.71,7.56,7.6,32026866,243588195.76
2024-10-31,600348,7.44,7.58,7.41,7.48,44376805,332712675.61
2024-11-01,600348,7.5,7.62,7.48,7.54,41036524,309747547.84
2024-11-04,600348,7.56,7.6,7.47,7.6,32504709,245301985.47
2024-11-05,600348,7.57,7.67,7.55,7.67,45159439,344240401.76
2024-11-06,600348,7.68,7.72,7.57,7.59,41875650,320094100.0
2024-11-07,600348,7.62,8.02,7.58,8.0,100200648,788759721.74
2024-11-08,600348,8.12,8.16,7.82,7.89,70253132,557635890.44
2024-11-11,600348,7.83,7.89,7.75,7.89,44260290,345532020.83
2024-11-12,600348,7.89,7.96,7.74,7.79,52375850,412139137.07
2024-11-13,600348,7.75,7.85,7.74,7.85,35534017,276883111.91
2024-11-14,600348,7.84,7.87,7.66,7.69,37336553,289967160.99
2024-11-15,600348,7.67,7.73,7.61,7.64,30885613,237140850.85
2024-11-18,600348,7.68,7.84,7.68,7.71,45568227,354092994.7
2024-11-19,600348,7.71,7.73,7.58,7.71,31575663,241909510.98
2024-11-20,600348,7.69,7.75,7.64,7.75,27584955,212314231.97
2024-11-21,600348,7.74,7.78,7.7,7.75,22592965,174791192.65
2024-11-22,600348,7.76,7.77,7.5,7.5,35104800,267505770.0
2024-11-25,600348,7.5,7.58,7.42,7.52,25887647,194176680.24
2024-11-26,600348,7.49,7.54,7.45,7.5,18132585,136120705.2
2024-11-27,600348,7.5,7.5,7.31,7.48,27670744,204943519.94
2024-11-28,600348,7.48,7.48,7.34,7.36,23581453,174418808.98
2024-11-29,600348,7.36,7.48,7.33,7.45,27089070,200859716.53
2024-12-02,600348,7.42,7.5,7.38,7.47,30139917,224737981.1
2024-12-03,600348,7.48,7.57,7.41,7.57,33706323,252387893.27
2024-12-04,600348,7.54,7.64,7.5,7.58,30249575,229333169.16
2024-12-05,600348,7.56,7.57,7.48,7.52,27639888,207710872.3
2024-12-06,600348,7.52,7.57,7.49,7.56,28561688,215330192.26
2024-12-09,600348,7.55,7.62,7.52,7.55,29455057,222992876.27
2024-12-10,600348,7.69,7.72,7.5,7.52,41698750,316695495.19
2024-12-11,600348,7.5,7.67,7.48,7.66,48146043,366717427.56
2024-12-12,600348,7.69,7.69,7.59,7.65,28014347,214083935.72
2024-12-13,600348,7.62,7.63,7.42,7.42,50121877,375532650.11
2024-12-16,600348,7.42,7.53,7.42,7.46,26744205,200228651.71
2024-12-17,600348,7.49,7.56,7.39,7.4,26508705,197763257.71
2024-12-18,600348,7.43,7.5,7.41,7.43,18248201,136036324.5
2024-12-19,600348,7.38,7.39,7.17,7.26,38178599,277322419.92
2024-12-20,600348,7.24,7.26,7.16,7.18,22917160,164820940.82
2024-12-23,600348,7.17,7.21,7.12,7.15,21240699,152101281.98
2024-12-24,600348,7.16,7.18,7.12,7.17,20132176,143939324.7
2024-12-25,600348,7.18,7.22,7.13,7.17,19120614,137128862.54
2024-12-26,600348,7.17,7.18,7.12,7.13,15861317,113340625.7
2024-12-27,600348,7.13,7.18,7.1,7.16,19061839,136115976.43
2024-12-30,600348,7.16,7.24,7.14,7.2,21531450,154966389.0
2024-12-31,600348,7.21,7.26,7.08,7.09,27785958,199043727.86
2025-01-02,600348,7.08,7.16,6.9,6.94,31681039,222691776.76
2025-01-03,600348,6.94,7.12,6.93,6.97,31847790,223300428.9
2025-01-06,600348,6.92,7.1,6.87,7.04,24320461,170262749.32
2025-01-07,600348,7.03,7.08,6.92,6.96,19386227,135126620.15
2025-01-08,600348,6.96,6.97,6.77,6.82,23828486,163386549.16
2025-01-09,600348,6.8,6.85,6.73,6.81,12862429,87504187.28
2025-01-10,600348,6.79,6.84,6.66,6.67,20587702,138299656.33
2025-01-13,600348,6.65,6.72,6.61,6.68,19648929,130918141.43
2025-01-14,600348,6.68,6.79,6.66,6.78,25306195,170270129.29
2025-01-15,600348,6.76,6.8,6.71,6.74,15397201,103914197.74
2025-01-16,600348,6.78,6.93,6.77,6.81,26148497,179172136.83
2025-01-17,600348,6.8,6.84,6.77,6.81,12807947,87130745.13
2025-01-20,600348,6.85,6.85,6.76,6.8,19645060,133645793.18
2025-01-21,600348,6.81,6.82,6.7,6.71,17606100,118562902.5
2025-01-22,600348,6.68,6.71,6.63,6.71,15490137,103325555.77
2025-01-23,600348,6.73,6.81,6.7,6.71,17280026,116775946.48
2025-01-24,600348,6.7,6.79,6.67,6.77,16346402,110383647.52
2025-01-27,600348,6.79,6.86,6.74,6.77,19776297,134365595.13
2025-02-05,600348,6.8,6.81,6.63,6.66,22778650,152238078.5
2025-02-06,600348,6.67,6.73,6.63,6.72,19942395,133359375.2
2025-02-07,600348,6.72,6.86,6.68,6.83,31410558,213752159.14
2025-02-10,600348,6.83,6.84,6.77,6.79,22380355,151961814.8
2025-02-11,600348,6.79,6.8,6.72,6.76,17153224,115727065.29
2025-02-12,600348,6.73,6.76,6.7,6.75,17364457,116922793.29
2025-02-13,600348,6.75,6.8,6.74,6.74,18673405,126435585.78
2025-02-14,600348,6.73,6.76,6.7,6.71,15734350,105797625.16
2025-02-17,600348,6.71,6.72,6.64,6.66,26278855,174957228.7
2025-02-18,600348,6.69,6.73,6.6,6.63,30512556,203419471.54
2025-02-19,600348,6.6,6.61,6.52,6.58,27254211,178690572.02
2025-02-20,600348,6.57,6.58,6.53,6.55,20572898,134691315.94
2025-02-21,600348,6.55,6.57,6.5,6.54,23731253,155030533.56
2025-02-24,600348,6.5,6.55,6.48,6.52,23889955,155533387.71
2025-02-25,600348,6.51,6.56,6.45,6.52,27284100,178027592.0
2025-02-26,600348,6.52,6.67,6.52,6.65,33890858,224094254.92
2025-02-27,600348,6.67,6.68,6.55,6.6,25534198,168392228.64
2025-02-28,600348,6.58,6.63,6.42,6.42,40844904,265509096.98
2025-03-03,600348,6.47,6.57,6.46,6.53,26157390,170900765.18
2025-03-04,600348,6.51,6.52,6.45,6.47,20222061,131023081.67
2025-03-05,600348,6.45,6.52,6.44,6.48,19740884,127817092.82
2025-03-06,600348,6.48,6.58,6.47,6.54,22394285,146373411.3
2025-03-07,600348,6.53,6.6,6.51,6.56,22017287,144608171.33
2025-03-10,600348,6.56,6.65,6.55,6.6,26116354,172342437.93
2025-03-11,600348,6.56,6.62,6.53,6.6,16000980,105148790.63
2025-03-12,600348,6.6,6.61,6.55,6.56,16443576,108004626.22
2025-03-13,600348,6.57,6.75,6.55,6.75,63238005,423398521.45
2025-03-14,600348,6.7,6.74,6.66,6.74,36290501,243354304.82
2025-03-17,600348,6.73,6.83,6.73,6.78,34748316,235512615.17
2025-03-18,600348,6.78,6.79,6.69,6.71,22965813,154240093.6
2025-03-19,600348,6.68,6.73,6.66,6.72,17085053,114438887.57
2025-03-20,600348,6.71,6.85,6.71,6.75,25814267,175112329.6
2025-03-21,600348,6.72,6.83,6.71,6.78,29593833,200544396.67
2025-03-24,600348,6.79,6.84,6.71,6.76,25085601,169955865.74
2025-03-25,600348,6.78,7.44,6.73,7.44,134646673,966265837.91
2025-03-26,600348,7.44,7.45,7.16,7.23,157035395,1138117888.52
2025-03-27,600348,7.23,7.24,7.01,7.02,76165637,539391833.8
2025-03-28,600348,6.98,7.07,6.86,6.91,57134373,397328875.2
2025-03-31,600348,6.85,6.91,6.73,6.74,51292026,349359552.42
2025-04-01,600348,6.75,6.93,6.75,6.88,41218289,282909790.09
2025-04-02,600348,6.94,6.98,6.85,6.87,33277595,230370791.93
2025-04-03,600348,6.81,6.9,6.79,6.89,27663761,189410566.76
2025-04-07,600348,6.57,6.64,6.2,6.2,69244930,441683037.72
2025-04-08,600348,6.22,6.43,6.22,6.39,49273044,313571783.5
2025-04-09,600348,6.33,6.43,6.17,6.4,41220926,259515464.47
2025-04-10,600348,6.47,6.5,6.4,6.44,33208600,214405668.64
2025-04-11,600348,6.41,6.57,6.39,6.5,31929368,206996107.56
2025-04-14,600348,6.53,6.68,6.52,6.65,32917833,217527847.5
2025-04-15,600348,6.66,6.67,6.56,6.59,20240959,133661836.81
2025-04-16,600348,6.62,6.62,6.49,6.54,21196630,138578207.51
2025-04-17,600348,6.51,6.57,6.5,6.52,13572468,88799099.03
2025-04-18,600348,6.54,6.58,6.47,6.55,15942500,104021378.0
2025-04-21,600348,6.53,6.57,6.52,6.56,17870415,117031557.45
2025-04-22,600348,6.59,6.65,6.54,6.56,23036724,151769475.44
2025-04-23,600348,6.55,6.59,6.53,6.53,16491502,107986102.6
2025-04-24,600348,6.54,6.6,6.52,6.58,18607687,122340869.87
2025-04-25,600348,6.56,6.58,6.52,6.57,18834121,123558566.97
2025-04-28,600348,6.55,6.66,6.46,6.62,30546242,200769032.98
2025-04-29,600348,6.61,6.66,6.57,6.59,26138700,172692392.4
2025-04-30,600348,6.6,6.6,6.53,6.55,19518552,128105980.6
2025-05-06,600348,6.57,6.61,6.54,6.58,25522640,167579406.41
2025-05-07,600348,6.62,6.71,6.58,6.7,36592016,243293495.11
2025-05-08,600348,6.66,6.7,6.64,6.66,20818151,138798543.14
2025-05-09,600348,6.67,6.71,6.64,6.66,14739857,98255648.22
2025-05-12,600348,6.68,6.7,6.65,6.68,15883818,106058704.44
2025-05-13,600348,6.71,6.75,6.68,6.73,19489264,130856753.79
2025-05-14,600348,6.75,6.79,6.7,6.79,22888706,154653421.56
2025-05-15,600348,6.79,6.88,6.73,6.73,25001648,170103377.7
2025-05-16,600348,6.72,6.76,6.67,6.71,16558972,111137854.84
2025-05-19,600348,6.71,6.74,6.65,6.67,21078150,140638587.0
2025-05-20,600348,6.67,6.7,6.65,6.68,14706857,98236884.11
2025-05-21,600348,6.7,6.91,6.7,6.84,48422347,331491091.75
2025-05-22,600348,6.81,6.83,6.75,6.76,21787204,147634980.04
2025-05-23,600348,6.76,6.89,6.73,6.73,25888600,176115665.48
2025-05-26,600348,6.75,6.75,6.65,6.67,22945931,153382585.77
2025-05-27,600348,6.67,6.68,6.51,6.59,27183778,178777533.74
2025-05-28,600348,6.6,6.68,6.58,6.67,19182831,127433482.16
2025-05-29,600348,6.66,6.72,6.64,6.68,14683329,98160937.31
2025-05-30,600348,6.68,6.68,6.61,6.62,14240598,94427970.28
2025-06-03,600348,6.6,6.64,6.51,6.62,19289050,126991137.0
2025-06-04,600348,6.61,6.72,6.58,6.72,24294115,161529364.38
2025-06-05,600348,6.71,6.74,6.62,6.63,18064851,120256771.63
2025-06-06,600348,6.67,6.72,6.62,6.63,15296592,101902781.96
2025-06-09,600348,6.65,6.76,6.62,6.75,29329401,196671380.07
2025-06-10,600348,6.75,6.79,6.68,6.7,18218799,122529488.3
2025-06-11,600348,6.71,6.79,6.7,6.76,22434132,151577648.82
2025-06-12,600348,6.77,6.78,6.7,6.73,15951100,107366492.5
2025-06-13,600348,6.76,6.79,6.71,6.73,22960950,154938179.5
2025-06-16,600348,6.74,6.77,6.7,6.74,18547156,125023102.16
2025-06-17,600348,6.75,6.84,6.73,6.83,24848775,168954933.75
2025-06-18,600348,6.83,6.85,6.73,6.78,15801452,107082500.52
2025-06-19,600348,6.76,6.76,6.64,6.66,25715350,171837706.97
2025-06-20,600348,6.66,6.78,6.65,6.73,22439049,151240699.8
2025-06-23,600348,6.73,6.84,6.7,6.82,26222950,177968246.0
2025-06-24,600348,6.78,6.8,6.73,6.76,32506375,219698134.5
2025-06-25,600348,6.73,6.74,6.65,6.69,34642102,231578966.58
2025-06-26,600348,6.71,6.76,6.63,6.64,33448406,223246702.81
2025-06-27,600348,6.67,6.74,6.66,6.68,25979100,173764466.01
2025-06-30,600348,6.69,6.71,6.62,6.66,30788190,204926118.88
2025-07-01,600348,6.66,6.84,6.63,6.77,47621400,320684679.14
2025-07-02,600348,6.74,6.83,6.7,6.82,39876496,269605524.18
2025-07-03,600348,6.83,7.05,6.8,6.84,45174853,311082145.99
2025-07-04,600348,6.84,6.91,6.79,6.84,24475707,167752458.38
2025-07-07,600348,6.86,6.89,6.79,6.83,20274451,138470927.37
2025-07-08,600348,6.86,6.9,6.81,6.89,27440658,188295885.38
2025-07-09,600348,6.95,6.98,6.91,6.95,29381471,203990814.74
2025-07-10,600348,6.94,7.04,6.93,7.04,35226175,246653490.5
2025-07-11,600348,7.07,7.09,7.01,7.04,32580563,229737788.9
2025-07-14,600348,7.04,7.09,6.98,7.05,42870325,301625433.0
2025-07-15,600348,6.7,6.77,6.58,6.59,45086200,299670307.01
2025-07-16,600348,6.6,6.64,6.55,6.56,21595417,142109956.52
2025-07-17,600348,6.57,6.63,6.56,6.59,17121475,112737950.0
2025-07-18,600348,6.61,6.7,6.61,6.69,27157028,180974776.7
2025-07-21,600348,6.71,6.87,6.7,6.86,45888787,312938579.08
2025-07-22,600348,6.92,7.45,6.8,7.32,141750545,1021061873.57
2025-07-23,600348,7.42,7.44,7.17,7.21,80376338,584409890.28
2025-07-24,600348,7.19,7.33,7.07,7.31,60839527,440265785.38
2025-07-25,600348,7.3,7.35,7.19,7.22,43084600,312001001.0
2025-07-28,600348,7.12,7.14,6.97,7.03,37658335,265215009.76
2025-07-29,600348,7.0,7.07,6.92,7.06,34114101,238759608.97
2025-07-30,600348,7.08,7.17,7.02,7.05,39026965,277394128.34
2025-07-31,600348,7.03,7.03,6.8,6.84,43003852,295038653.14
2025-08-01,600348,6.84,6.88,6.81,6.85,21372250,146216945.5
2025-08-04,600348,6.82,6.89,6.78,6.88,20943365,143445926.66
2025-08-05,600348,6.9,7.09,6.89,7.08,40415021,283446983.46
2025-08-06,600348,7.06,7.44,7.04,7.43,93536424,683053657.81
2025-08-07,600348,7.39,7.45,7.27,7.41,56442952,416588342.7
2025-08-08,600348,7.39,7.5,7.35,7.45,43488179,324038841.82
2025-08-11,600348,7.49,7.52,7.41,7.45,35232852,262973606.96
2025-08-12,600348,7.49,7.63,7.44,7.56,32794004,247282169.83
2025-08-13,600348,7.56,7.56,7.42,7.49,34379487,256749140.42
2025-08-14,600348,7.48,7.51,7.34,7.36,29891428,221942979.29
2025-08-15,600348,7.36,7.46,7.36,7.4,21791128,161197134.37
2025-08-18,600348,7.49,7.52,7.3,7.33,33581575,247295551.0
2025-08-19,600348,7.31,7.32,7.24,7.27,23089235,167984373.84
2025-08-20,600348,7.25,7.33,7.22,7.33,24251899,176636227.46
2025-08-21,600348,7.35,7.41,7.32,7.38,23190937,170809439.8
2025-08-22,600348,7.39,7.39,7.22,7.32,33910427,246939749.19
2025-08-25,600348,7.37,7.41,7.27,7.34,39078058,286807454.07
2025-08-26,600348,7.35,7.39,7.31,7.31,30805225,226269351.64
2025-08-27,600348,7.29,7.3,7.01,7.02,59132945,421682734.35
2025-08-28,600348,7.01,7.05,6.94,7.04,28936127,202553505.97
2025-08-29,600348,7.07,7.12,7.01,7.02,21182950,149532519.5
2025-09-01,600348,7.02,7.04,6.9,7.01,33487502,233707227.09
2025-09-02,600348,6.99,7.04,6.91,6.99,29416724,204993755.36
2025-09-03,600348,7.0,7.04,6.83,6.85,23924600,165258902.0
2025-09-04,600348,6.85,6.98,6.8,6.98,33086971,227948483.42
2025-09-05,600348,6.98,7.03,6.9,7.01,24845062,172867994.35
2025-09-08,600348,7.01,7.11,6.99,7.06,25329491,178635156.94
2025-09-09,600348,7.3,7.3,7.06,7.1,31900050,227784858.0
2025-09-10,600348,7.05,7.07,6.92,6.97,28053658,195717163.1
2025-09-11,600348,6.97,7.0,6.91,6.98,32468663,225623485.25
2025-09-12,600348,6.96,7.06,6.9,6.99,45850204,319886826.92
2025-09-15,600348,6.99,7.12,6.98,7.08,40200869,284189258.66
2025-09-16,600348,7.18,7.21,7.09,7.17,43450211,310701700.8
2025-09-17,600348,7.13,7.28,7.11,7.23,49565009,357655683.03
2025-09-18,600348,7.3,7.35,7.01,7.05,41598164,297147400.38
2025-09-19,600348,7.06,7.76,7.03,7.6,148829519,1115156990.77
2025-09-22,600348,7.58,7.92,7.54,7.72,99355146,763870598.1
2025-09-23,600348,7.65,7.73,7.52,7.66,57442423,437812258.37
2025-09-24,600348,7.65,7.99,7.63,7.83,70620078,551398578.82
2025-09-25,600348,7.78,7.82,7.66,7.75,45938575,354731786.95
2025-09-26,600348,7.74,7.74,7.54,7.6,42818667,325882533.86
2025-09-29,600348,7.58,7.58,7.43,7.5,44234928,331399935.38
2025-09-30,600348,7.49,7.49,7.31,7.37,46889962,345414456.77
2025-10-09,600348,7.37,7.67,7.33,7.67,59759101,448929310.05
2025-10-10,600348,7.65,7.85,7.57,7.73,58679999,453666841.12
2025-10-13,600348,7.48,7.64,7.42,7.59,53332958,402692679.66
2025-10-14,600348,7.6,7.81,7.58,7.71,74405729,573694685.28
2025-10-15,600348,7.69,7.71,7.55,7.61,44410934,338071447.09
2025-10-16,600348,7.59,7.87,7.58,7.87,82516598,639229095.36
2025-10-17,600348,7.8,7.94,7.7,7.72,69124784,538271712.81
2025-10-20,600348,7.82,8.25,7.8,8.22,128444258,1036751160.5
2025-10-21,600348,8.1,8.17,7.89,8.11,82578039,661756238.62
2025-10-22,600348,8.0,8.08,7.83,7.86,50792600,401823584.78
2025-10-23,600348,7.89,8.04,7.88,7.95,54125097,431361184.92
2025-10-24,600348,7.87,7.88,7.75,7.8,53682210,418413719.75
2025-10-27,600348,7.76,7.91,7.6,7.82,47712798,370243695.73
2025-10-28,600348,7.77,7.8,7.6,7.65,47715625,366390540.5
2025-10-29,600348,7.66,7.8,7.62,7.72,42076116,324963154.98
2025-10-30,600348,7.76,8.22,7.75,8.06,105699514,847700392.34
2025-10-31,600348,8.04,8.22,7.95,8.0,49078206,394852260.14
2025-11-03,600348,8.03,8.18,8.03,8.07,48781520,395344928.62
2025-11-04,600348,8.07,8.17,8.01,8.13,46627130,377468709.13
2025-11-05,600348,8.13,8.34,8.03,8.17,51496243,420194406.54
2025-11-06,600348,8.16,8.55,8.1,8.52,80989338,677584075.82
2025-11-07,600348,8.52,8.99,8.47,8.92,129324955,1137640655.34
2025-11-10,600348,8.93,8.96,8.69,8.72,59748250,526308482.39
2025-11-11,600348,8.7,8.7,8.46,8.54,47010893,401598326.4
2025-11-12,600348,8.51,8.59,8.41,8.45,29368076,249158670.76
2025-11-13,600348,8.46,8.75,8.41,8.67,46033356,395662655.44
2025-11-14,600348,8.62,8.69,8.36,8.37,40054503,339526293.6
2025-11-17,600348,8.41,8.55,8.38,8.45,31520090,266789186.8
2025-11-18,600348,8.4,8.44,8.13,8.2,42403487,349508179.96
2025-11-19,600348,8.21,8.35,8.2,8.3,30825238,255613424.81
2025-11-20,600348,8.37,8.46,8.0,8.02,67433846,553030651.43
2025-11-21,600348,7.91,8.0,7.74,7.76,41033130,321614921.26
2025-11-24,600348,7.84,7.88,7.63,7.64,34645204,267375732.54
2025-11-25,600348,7.69,7.73,7.61,7.71,25552498,196336862.38
2025-11-26,600348,7.66,7.74,7.52,7.53,41195298,314394152.62
2025-11-27,600348,7.55,7.69,7.46,7.64,30236507,229698296.77
2025-11-28,600348,7.62,7.68,7.59,7.65,19519049,149211240.67
2025-12-01,600348,7.99,8.08,7.8,7.84,76331442,602031399.86
2025-12-02,600348,7.89,8.3,7.71,8.12,86903921,694367794.96
2025-12-03,600348,8.13,8.53,8.1,8.31,86665842,722294410.61
2025-12-04,600348,8.27,8.27,7.96,7.98,55000760,443183871.47
2025-12-05,600348,7.95,8.02,7.85,8.01,33631368,267725811.25
2025-12-08,600348,7.99,7.99,7.72,7.76,64887396,506752178.79
2025-12-09,600348,7.73,7.74,7.51,7.59,51093180,388491838.31
2025-12-10,600348,7.59,7.66,7.57,7.64,25805192,196839491.83
2025-12-11,600348,7.65,7.74,7.62,7.67,24775431,190358604.16
2025-12-12,600348,7.84,8.16,7.76,7.99,88095493,708612978.27
2025-12-15,600348,8.0,8.14,7.93,7.94,47365148,380295807.06
2025-12-16,600348,7.93,7.94,7.68,7.69,40079149,310700806.35
2025-12-17,600348,7.68,7.78,7.63,7.76,31843558,245339656.22
2025-12-18,600348,7.82,7.84,7.73,7.78,30999526,241044991.76
2025-12-19,600348,7.74,7.78,7.67,7.78,26694841,206677159.25
2025-12-22,600348,7.77,7.79,7.68,7.71,27031639,208547125.19
2025-12-23,600348,7.71,7.75,7.65,7.72,24628429,189507268.03
2025-12-24,600348,7.71,7.73,7.64,7.72,29765966,228631902.26
2025-12-25,600348,7.71,7.71,7.66,7.7,22998982,176641431.76
2025-12-26,600348,7.69,8.3,7.68,8.17,113910801,921863732.65
2025-12-29,600348,8.32,8.67,8.31,8.43,139181498,1185255351.71
2025-12-30,600348,8.48,8.53,8.25,8.27,70395476,587880610.22
2025-12-31,600348,8.23,8.44,8.2,8.26,49181169,408363385.81
